일시,평균기온(°C),최저기온(°C),최고기온(°C),최대 풍속(m/s),평균 풍속(m/s),최소 상대습도(%),평균 상대습도(%),최고 해면기압(hPa),최저 해면기압(hPa),평균 해면기압(hPa),평균 지면온도(°C)
2020-01-01,-2.2,-6.5,0.3,2.6,0.6,37,64.4,1034,1031.2,1032.1,-0.9
2020-01-02,1,-0.7,3.8,4,1.2,54,65.4,1031.3,1028.2,1029.6,0.1
2020-01-03,-0.1,-3.4,4.6,3.5,1.7,26,56.9,1029,1025.8,1027.3,-0.4
2020-01-04,1.2,-2.8,6.1,4.5,1.9,32,50.8,1028.4,1024.4,1026.2,0
2020-01-05,1.3,-3.2,6.6,2.9,1.1,28,45.6,1032.6,1028.1,1030.6,-0.5
2020-01-06,3.1,0.6,4.6,5.4,3.1,39,65.4,1030.3,1020.5,1026,1
2020-01-07,6.3,4.2,7.7,6.3,4,93,95,1020.5,997.8,1009.7,5.1
2020-01-08,2.4,-0.4,8.9,6.3,3.3,73,86.1,1023.3,997.4,1014.3,4
2020-01-09,-1.2,-3.1,2,4.3,2.3,47,65.3,1025.9,1022.8,1024.3,1.3
2020-01-10,-0.6,-4.3,4.2,3.7,1.5,36,62.9,1026.2,1022.1,1023.9,0.2
2020-01-11,-0.1,-2.6,3.9,4.8,1.9,35,60.9,1022.6,1018.5,1020.3,0.1
2020-01-12,-1,-3.5,2.8,4.1,2.4,38,61.5,1020.6,1016.8,1018.4,0.4
2020-01-13,-2.9,-4.7,0.2,4.9,2.3,28,51,1026,1020,1023.4,-1.3
2020-01-14,-2.3,-5.7,2.6,3.3,1.6,20,45.3,1028.1,1024.2,1026,-1.6
2020-01-15,-2.7,-6.4,2.2,4.5,1.9,24,44.8,1030,1027.4,1028.7,-2
2020-01-16,-1.7,-5.5,3.2,4.4,1.6,24,43,1029.3,1025.3,1027.3,-1.6
2020-01-17,-0.6,-4.8,4.9,3.8,1.5,27,43.9,1025.7,1021.6,1023.5,-0.8
2020-01-18,0.3,-4.1,5.9,4.2,1.8,17,48.1,1023.1,1020.2,1021.7,-0.6
2020-01-19,1.9,-0.4,5.3,6.1,2.2,42,62.8,1020.9,1016.6,1018.7,0.5
2020-01-20,0.7,-3.3,5.5,5.7,2.5,24,46.8,1028.5,1020.3,1023,-0.1
2020-01-21,-0.4,-5.6,5.5,3.5,1.4,19,36.9,1032.4,1028.1,1029.8,-0.8
2020-01-22,3,-0.1,7.8,3.2,1.7,22,36,1028.9,1022.9,1025.4,1.3
2020-01-23,4.6,0,9.9,4.7,2,32,49.3,1027.2,1022,1024.2,2.2
2020-01-24,2.8,-1.3,7.4,3.7,1.7,43,63,1031.7,1027.2,1030.3,1.9
2020-01-25,4.3,0.6,8.8,3.9,1.5,49,63.1,1031.1,1027.2,1029.5,2.4
2020-01-26,5.5,-0.2,11.9,6.1,2.7,31,56.3,1029.5,1024.6,1027.2,3.5
2020-01-27,5.9,4.8,7.5,7,4.6,35,48.1,1025.8,1018.3,1021,3.6
2020-01-28,6.8,4.3,9.9,5.4,2.6,37,49.4,1019.6,1016.9,1018.2,4.6
2020-01-29,6,3.2,9.6,3.6,2.1,35,46.4,1018.8,1013.8,1015.8,3.7
2020-01-30,5.2,1.4,10.4,3,1.8,30,47,1016.9,1013.3,1014.9,3
2020-01-31,3.9,1.4,8.9,4.4,2.3,41,59.6,1022.6,1016.8,1019.7,2.8
2020-02-01,2.6,-1.2,7.6,4.7,1.7,43,66.6,1025.4,1022.2,1024.1,2.3
2020-02-02,1.5,-2.1,5.3,4.7,1.8,24,52.3,1027.4,1023.9,1025.6,1.9
2020-02-03,-0.4,-2.9,3,5.7,3.1,23,43.6,1029.4,1024.8,1027.3,2.3
2020-02-04,-1.6,-6,3.9,6.2,2.8,32,50.3,1029.2,1023.3,1026.7,0.3
2020-02-05,-8.3,-11,-4.9,5.5,3.3,27,37.3,1035,1027.8,1032.4,-2.5
2020-02-06,-6.4,-11.8,0.4,4,1.9,19,36.4,1036.7,1032.2,1034.2,-2.7
2020-02-07,-1.7,-7.2,2.2,3.5,2,14,45.1,1032.4,1026.9,1029.5,-0.4
2020-02-08,-0.1,-2.3,3.7,5.3,3,29,48.1,1028.9,1025.8,1027.5,1.4
2020-02-09,-0.5,-5.6,4.1,4.4,2,24,51.1,1029,1022.5,1025.5,0.5
2020-02-10,4,-0.7,9.6,4.2,1.7,25,49.4,1027.5,1021.6,1024.1,3.4
2020-02-11,6.8,-0.5,14.6,3.6,1.6,17,37,1029.1,1024.6,1026.9,0.6
2020-02-12,7.4,6.5,8.2,5,2.2,31,73.4,1024.7,1012.3,1016.9,5.8
2020-02-13,6.5,4.9,8.7,3.2,1.7,69,84.8,1021.5,1014.7,1019.3,6.6
2020-02-14,8.1,3.2,14.7,3,1.2,41,70.3,1022.8,1018.7,1020.8,6.9
2020-02-15,9.8,6.2,15.6,5,2.7,37,63,1022.9,1011.9,1017.6,6.6
2020-02-16,-1.4,-4.3,7.7,6.6,4,59,81.1,1016.2,1011.4,1013.5,2.2
2020-02-17,-5.9,-7.1,-3.9,5.6,3.4,52,64.3,1023.3,1015.8,1018.4,0.3
2020-02-18,-4.1,-8.3,1.3,4.1,2.3,27,44,1029.9,1023,1027.7,-0.1
2020-02-19,1,-4.4,6.4,3.2,1.5,35,56.8,1031.3,1029,1030.2,1.8
2020-02-20,4.6,-0.6,10.8,3.3,1.7,35,62.6,1035.3,1030.8,1033.4,4
2020-02-21,6.7,2.1,10.9,5.3,2.2,40,66.3,1034.8,1022.1,1029.2,4.4
2020-02-22,4,0,7.9,8.2,4,40,62,1029.9,1021.4,1024.9,4.2
2020-02-23,2.5,-2.5,8,4.2,2,25,48.6,1031.2,1026.8,1029,3.6
2020-02-24,7,0.8,12.2,3.4,1.6,35,51.8,1027.5,1021.1,1024.1,6.1
2020-02-25,6.7,4.7,9.4,6.8,4.2,58,73.5,1021.1,1014.8,1017.9,6
2020-02-26,6.4,2.8,10.4,4,2.1,39,59.6,1026.2,1020.4,1023.3,5.4
2020-02-27,6.1,1.3,12.5,4.4,2,27,54,1029.7,1026.1,1027.7,6
2020-02-28,4.5,3.6,5.9,4.2,1.4,43,79.4,1026.7,1019.7,1022.5,4.7
2020-02-29,7.7,4.5,13,4.2,1.7,41,68.6,1019.7,1016,1018.2,8.4
2020-03-01,5.8,3.2,10.1,4.7,2,58,71.8,1020,1016.5,1018.5,5.5
2020-03-02,3.4,0,7.6,4.9,2.7,33,55.3,1026.4,1020,1023.8,5
2020-03-03,4.8,0.3,10.5,4.7,2.6,35,57,1026.3,1021.3,1023.9,3.7
2020-03-04,2.2,-1.3,4.6,6.8,3.7,32,53.4,1024.5,1020.4,1022.2,4
2020-03-05,1.4,-2.8,6.3,4.1,2.5,25,47.5,1027.5,1023.6,1025.3,3.8
2020-03-06,3.7,-2.5,10.1,3.6,1.6,16,46.8,1025.2,1019.5,1022.3,4.5
2020-03-07,7,1.3,14.2,4.1,2,18,39.5,1020.2,1015.6,1018,7
2020-03-08,9.3,2.3,16.9,4.6,1.6,20,43.8,1020.9,1016.5,1018.4,8.6
2020-03-09,11.1,4.8,17.6,4.5,1.8,20,37.6,1018.6,1010.5,1013.9,9.7
2020-03-10,6.4,3.2,10.8,5.3,2.8,40,78.4,1011.6,1005.2,1008,6.5
2020-03-11,3.8,0,8.3,5.5,3.3,24,41.8,1022.4,1011.6,1018.4,4.8
2020-03-12,6.8,0.2,13.3,5.4,2.5,19,49.8,1023.2,1018.5,1021.4,5.5
2020-03-13,4.9,-0.1,8.7,5.4,3.3,18,41,1024.3,1020.2,1021.9,7.7
2020-03-14,3.6,-2.7,8.6,6.8,3,25,48.1,1021.5,1011.8,1015.6,5.6
2020-03-15,4,0.2,8.5,7.8,3.6,19,48.3,1018.2,1008.4,1011.9,6.2
2020-03-16,3.6,-2.1,9.1,5.2,2.8,17,42.4,1024.7,1018.2,1022.1,6.1
2020-03-17,6.6,3.1,12.3,5.2,2.1,50,65.8,1020.9,1012.1,1015.5,7.5
2020-03-18,10,2.7,17,4.4,1.8,16,45.8,1017.1,1008.4,1012.9,9.8
2020-03-19,9.1,5.8,12.1,8.2,4.8,27,49,1012.7,1000.7,1005.9,9.9
2020-03-20,8.8,3.1,14,6.6,3.1,15,39.6,1015.4,1011.8,1013.7,9.9
2020-03-21,12.8,7.9,19.5,5.1,2,36,56.5,1014.2,1007.9,1011.5,13.9
2020-03-22,11,6.1,16.5,5.6,3,13,37.5,1017.8,1011.7,1014.4,13.6
2020-03-23,10.6,5.4,17,4.8,1.9,20,37.9,1018.6,1014.6,1017.1,12.6
2020-03-24,11.4,5.3,17.9,4,1.8,15,35,1022,1018.1,1020.2,13.2
2020-03-25,12.5,6.1,19.2,5.3,1.9,17,33.6,1022.2,1018.1,1020.1,13.9
2020-03-26,14.8,8.1,20.6,5.3,1.9,24,53.8,1019,1011.6,1015.1,13.5
2020-03-27,11.9,6.7,15.8,5.8,3.3,27,56.4,1020.7,1009.7,1013.4,14.4
2020-03-28,7.7,4.5,12.8,5.5,3.2,11,17.9,1024,1018.4,1021.3,10.8
2020-03-29,8.7,1.3,16.1,4.6,2,16,30.6,1024.2,1018.9,1021.4,11.8
2020-03-30,10.2,4.3,16.9,4.1,1.8,14,38.4,1022.2,1018,1020.5,13.3
2020-03-31,11.9,4.7,18.6,4.4,2,15,34.5,1020.9,1014.3,1017.3,14.5
2020-04-01,11.3,6,17.4,7.3,3.7,17,35.6,1020.3,1011.5,1014.8,15
2020-04-02,9.3,3.4,15.5,5.5,2.3,15,41.4,1023.5,1020.1,1022,13.1
2020-04-03,10,5.3,16.3,5.7,2.7,23,53.8,1023.6,1018.4,1020.9,14.2
2020-04-04,8.9,5,13.3,6.3,3.4,10,36.4,1022.5,1017,1019,13.8
2020-04-05,7.2,1.9,13.7,5.4,2.8,13,29.5,1023.8,1020.2,1022.3,12.4
2020-04-06,9.3,2.9,16.1,5.9,2.4,18,38.3,1022.9,1017.7,1020.4,13.8
2020-04-07,10.6,6,16.8,5.1,2.5,32,56.6,1019.3,1013,1015.7,14.8
2020-04-08,9.4,5.2,14.2,5.9,3.5,13,25.5,1021.2,1015.5,1018.2,14.3
2020-04-09,8.9,4.3,14.7,5.7,2.8,30,44.6,1024.7,1020.3,1022,14
2020-04-10,10.7,5.8,16.8,4.1,2.4,32,52.6,1026.4,1022.3,1024.5,17
2020-04-11,9.9,6.2,16,4.9,2.5,39,63.8,1024.1,1016.6,1019.6,15.6
2020-04-12,9.9,4.4,15.6,7.4,3.8,39,58.6,1016.7,1013.2,1014.8,13.2
2020-04-13,12.4,4.3,20.4,5.5,3.1,16,39.4,1015.8,1011.8,1014.2,18
2020-04-14,13,7.6,19.6,5.3,2.4,23,46.8,1018,1014.8,1016.5,18.7
2020-04-15,13.2,7.2,20.2,5.6,2.2,25,39.8,1017.1,1012.5,1014.9,17.5
2020-04-16,16,8.9,23.8,4.5,2.3,23,39.9,1018.7,1013.3,1016.2,20.1
2020-04-17,12.5,10.4,15.4,4.8,2.4,45,77.8,1016.4,1010.3,1012.5,12.1
2020-04-18,13.5,8.5,19.6,4.8,2.6,44,67.9,1019.2,1011.6,1016.1,18.1
2020-04-19,12.3,9.5,15.5,5.2,2.7,51,75.8,1018.8,1010.3,1014.4,12.5
2020-04-20,10,7.6,13.1,6.8,3.3,56,73,1013.9,1009,1010.9,10.2
2020-04-21,7.4,4.8,10.4,8.9,4.4,29,49,1017.2,1012.7,1014.3,12.2
2020-04-22,6,4.1,8.3,6.4,4,35,46.8,1018.1,1015.2,1016.5,9.8
2020-04-23,7.9,2.9,12.8,7.9,3.7,28,47.8,1018.1,1013.4,1016,12.7
2020-04-24,9.9,4.1,14.3,8.2,3.9,29,55.6,1016.6,1011.4,1013.4,14.5
2020-04-25,13.1,9.9,17.1,7.8,3.9,45,54.4,1013.8,1007.2,1009.5,15.7
2020-04-26,12.3,6.8,19,6.5,3.2,20,43.1,1020,1013.8,1017.2,18.3
2020-04-27,12.9,8.7,18.3,5.5,2.8,25,49.8,1021,1017.9,1019.6,17.1
2020-04-28,13.9,7.8,19.9,5.5,3,26,50,1022.1,1017.3,1019.6,20.1
2020-04-29,14.9,9.3,21,5.2,2.6,25,48.6,1020.9,1017.8,1019.2,21.1
2020-04-30,17.1,9.3,23.4,5.9,2.7,41,57.1,1018.9,1012.2,1015.8,23
2020-05-01,20.2,16.4,26.2,5.5,2.7,54,73.6,1014.3,1010.6,1012.9,25.7
2020-05-02,20.3,18,23.9,4.6,2.3,62,79.6,1013.6,1008.3,1011.2,22.7
2020-05-03,21.8,17,27.4,3.9,2,46,68.8,1008.5,1003,1005.8,26.7
2020-05-04,20.2,14.8,25.3,4.6,2.7,44,63.9,1011,1005,1008,28.9
2020-05-05,16,13.1,19.3,5.3,1.9,54,67.9,1013.5,1010.5,1011.6,17.1
2020-05-06,19.4,11.1,27.6,4.4,2.1,19,50,1015.7,1010.7,1013.7,26.5
2020-05-07,20.7,14.9,26.5,4.3,2.5,20,32.5,1018.8,1015.3,1017.1,25.7
2020-05-08,19.9,14.3,27.3,4.5,2.4,11,32.8,1016.9,1011.9,1014.4,27.3
2020-05-09,14.2,12.7,16.8,5.9,3.6,76,94.4,1013.9,1001.6,1004.9,15.1
2020-05-10,14.4,12.8,16.6,4.1,2.5,78,88.6,1010.1,1004.3,1007.1,15.7
2020-05-11,16.5,12.4,22,5.6,3,27,61,1009.9,1005.3,1007.8,20.2
2020-05-12,14.3,10.5,18.9,5.4,2.9,47,69.4,1011,1002.7,1005.2,17.6
2020-05-13,16.1,10.2,21.8,6.5,2.8,24,47.3,1017.8,1011.1,1015.3,20.5
2020-05-14,19.3,12.4,25.4,4.3,2,20,35.4,1018.9,1012.7,1016,21.8
2020-05-15,16.1,14.1,20.2,5.3,3,34,81.4,1013.6,1005.8,1008.8,15.9
2020-05-16,16.7,15,20.3,3.3,1.6,74,90.3,1008.2,1005,1006.7,18.3
2020-05-17,19.1,14.6,24.9,4.3,1.7,58,80.1,1007.8,1002.9,1005.2,21.2
2020-05-18,19.1,13.2,26.8,7.2,2.4,46,79.4,1003.8,992,998.2,21.6
2020-05-19,13,10.1,17.1,7.2,3.2,52,73.6,1008.5,996.9,1000.8,16.1
2020-05-20,14.4,9.2,20.1,3,1.9,46,60.4,1014.7,1008.5,1011.8,17.3
2020-05-21,17.4,10.9,22.9,3.3,2.1,40,56.1,1016.4,1012.5,1014.5,20.5
2020-05-22,18.5,14.8,22.7,4.9,1.9,55,68.5,1015.1,1009.8,1012.7,20
2020-05-23,20.1,16.6,25,4.7,2.2,44,66.1,1012.3,1008.8,1011,23.3
2020-05-24,17.1,14.3,20.2,6.5,2.9,70,84.8,1012.8,1006.1,1009.6,19
2020-05-25,16.6,13.7,21.3,3.8,2.1,62,81,1013.8,1010.6,1012.3,20.3
2020-05-26,16.2,12.7,22.9,5.4,2.1,47,81.9,1012.4,1007.2,1009.5,19.2
2020-05-27,17.4,11.8,23.9,5.9,2.6,31,68.5,1011,1007.7,1009.3,21.4
2020-05-28,18.7,14.2,23.4,3.9,1.9,38,62.8,1012.2,1008.3,1009.6,20.5
2020-05-29,20.7,14.6,27.6,4.1,2,38,65.6,1016.9,1012.2,1014.8,24.3
2020-05-30,22.6,16.5,30,4.3,1.9,29,57.3,1018.7,1013.6,1016,27.6
2020-05-31,21.2,17.6,28,5.7,2.3,39,63,1015.4,1008.6,1011.3,25.7
2020-06-01,19.7,16.6,24.5,6.2,3.4,37,64.3,1010.5,1008.5,1009.6,26.6
2020-06-02,17.9,14.8,21.8,4.1,2.2,43,71,1011.3,1004.7,1007.3,18.3
2020-06-03,22,17.6,28.4,5.6,2.4,47,73.3,1005.7,1000.6,1003.7,27.1
2020-06-04,21.9,19.7,26.5,4.7,2.7,57,81.1,1006.6,1002.6,1003.9,26.8
2020-06-05,23,18.4,28.7,3.8,1.8,45,69.4,1008.3,1005.1,1007,29.8
2020-06-06,24.6,19.2,30.9,4.4,2,38,63.6,1010,1005.9,1007.9,31.4
2020-06-07,22.7,19.2,29.2,5.1,2.3,44,69.4,1013.2,1009.8,1011.7,30.2
2020-06-08,25,19.8,32,5.5,2.1,40,63.6,1016.2,1012.6,1014.4,32.7
2020-06-09,26.7,20.3,32.8,4.3,2.3,34,51.6,1015.9,1012.2,1014,34.1
2020-06-10,25.8,22.5,32.1,6.2,2,41,63.8,1013.4,1005.3,1008.6,32.8
2020-06-11,26.1,21.7,31.6,4.6,2.2,38,68.3,1005.4,1000.8,1003.3,30.1
2020-06-12,24.7,21.6,27.6,3,1.7,49,68.6,1005.7,1003.7,1004.8,25.8
2020-06-13,26.9,20.6,33.5,5,1.9,27,52.8,1005.9,1001.9,1003.9,34.6
2020-06-14,24,20.1,28.8,5.9,2.9,41,70.6,1007.2,1002.3,1004,29.6
2020-06-15,23,18.2,28.6,6.3,2.8,31,62.3,1008.1,1004.1,1006.1,31.1
2020-06-16,24.4,20,30.7,4.4,2.2,37,63,1007,1003.4,1005.5,32.2
2020-06-17,24.3,20.2,30.3,4.3,2,37,58.6,1006.1,1003.3,1005,31.1
2020-06-18,23.4,20.3,27.3,3.4,1.6,47,61.4,1005.6,1000.9,1002.8,26.7
2020-06-19,24.7,21.1,30,4.2,2.1,45,61.4,1009.5,1002.8,1006.1,29.6
2020-06-20,24.9,20.7,29.7,4.6,2.1,48,62.6,1011.3,1008,1009.8,31.9
2020-06-21,26.1,19.5,32.7,4.5,2,39,59.5,1009.9,1005,1007.7,34.1
2020-06-22,28.6,21.7,35.4,4.1,2,26,50.5,1008.7,1006.1,1007.6,36.3
2020-06-23,27.3,23.2,31,3.7,1.9,42,53.5,1009.6,1006.4,1007.9,32.1
2020-06-24,22.3,19.9,26.3,5.7,2.7,55,83.5,1006.4,1000.7,1002.9,22.7
2020-06-25,21.6,20.1,23.4,4.3,2.2,79,91,1003.3,1000.7,1001.6,23
2020-06-26,21.8,19.2,25.7,5.3,3.2,63,82.1,1008.3,1003.1,1006.2,22.9
2020-06-27,24.1,20.4,29.6,5.4,2,52,70.4,1008.2,1003,1005.2,25.2
2020-06-28,25.2,21.5,30.1,4.7,2.4,49,70.5,1006.1,1003.2,1004.3,28.6
2020-06-29,23.8,20.6,26.5,5.9,2.4,64,77,1006.1,993,1001.5,23.9
2020-06-30,20.1,18.4,23.1,7.6,4,63,83,1001,989.4,994,20.8
2020-07-01,21.1,18.1,24.3,3.7,1.9,67,79.3,1008.9,1001,1004.8,21.3
2020-07-02,24.2,20.4,29.8,3.4,1.9,51,74.5,1012.9,1008.8,1010.7,24.5
2020-07-03,25.5,21.6,30.6,6.1,2.6,34,63.5,1012.6,1007.7,1010.3,28.6
2020-07-04,24.2,20.4,29.5,4.4,2.1,39,63.9,1009.8,1005,1006.7,28.2
2020-07-05,23.8,19.9,27.6,3.5,1.9,52,68.6,1006.6,1001.8,1004.2,26.7
2020-07-06,25.6,21.8,30.9,4.7,2.1,46,66.6,1002.6,998.6,1000.8,28.5
2020-07-07,24.1,22.1,28.1,4,2.5,59,75.5,1005.5,1001.9,1004,28.3
2020-07-08,25.5,21.3,30.4,3.7,2,52,71.9,1005.4,1002.7,1004.4,30.5
2020-07-09,27.5,21.8,32.9,3.6,1.7,38,64.6,1005,1001.7,1003.6,31.9
2020-07-10,24.5,22.7,27.7,6.6,2.8,60,75,1003.6,1000.4,1002.2,25.2
2020-07-11,25.8,22.2,30.2,5,2.6,49,62.6,1009.9,1002.9,1007.1,29.7
2020-07-12,23.5,21.7,26,3.6,2.4,58,71.9,1011,1007,1009.1,25.3
2020-07-13,18.7,17.7,21.7,5.9,4,86,94.8,1007.1,1001.2,1002.9,20.1
2020-07-14,20.3,17.2,24.3,4.4,2.8,62,79.4,1005.6,1001.2,1003.8,22.6
2020-07-15,23.4,18.9,28.7,3.4,2,40,63.1,1006.5,1003.4,1005.3,26.4
2020-07-16,25,20.4,29.7,3.5,1.8,55,70.9,1008.1,1004.9,1006.7,27.4
2020-07-17,26,21.5,31.6,5.6,1.9,52,72,1009.1,1006.6,1008,28.3
2020-07-18,26.1,22.8,31,4,1.6,54,71.6,1009.3,1006.6,1008.1,27.9
2020-07-19,24,20.6,26.6,4.3,2.7,62,81.6,1008.5,1002.1,1004.6,22.9
2020-07-20,23.8,22.4,26.6,7,3.7,77,86.3,1010.8,1001,1005.6,23.8
2020-07-21,25,21.4,30.5,4.2,1.6,51,77,1013,1010.3,1011.6,25.6
2020-07-22,23.7,22.6,25.7,3.4,1.6,81,89.3,1011.3,1008.4,1009.7,24
2020-07-23,21.1,18.5,22.6,8.3,3.6,89,95.5,1010.4,999.6,1005.5,21.8
2020-07-24,22.5,18.7,26.8,8.7,4.6,61,74.3,1000.7,997.6,999,21.2
2020-07-25,24.3,22.3,29,6.1,3.1,56,69.3,1006.8,1000.5,1003.3,23.9
2020-07-26,25.4,21.6,29.6,3.3,2,56,69.3,1008.4,1006,1007,25.6
2020-07-27,24.3,22.9,25.5,3.2,2.2,80,86.4,1009.3,1007.4,1008.4,25.2
2020-07-28,24.4,22.7,26.4,3.1,2,71,84.8,1011.5,1008.4,1010.3,25
2020-07-29,23.7,22.6,24.9,3.4,2,89,95.8,1012.7,1010.4,1011.7,23.9
2020-07-30,25.3,23.4,28.4,3.8,2.1,68,85.5,1014.4,1011.5,1013.1,26.9
2020-07-31,26.2,22.8,29.6,4.6,2,69,81.9,1015.1,1012.3,1013.7,27.2
2020-08-01,25.3,24.3,26.9,4.9,1.7,82,90.9,1013.1,1007.7,1010.3,25.7
2020-08-02,24.9,23.5,26.4,7.5,2.3,90,96.3,1009.1,1005.4,1007.5,25.2
2020-08-03,25,23.9,26.3,8.3,3,89,96.3,1010.2,1005.5,1008.1,25.1
2020-08-04,27,25,29.4,5.7,3.5,77,89.3,1012.8,1008.9,1010.6,26.9
2020-08-05,26.5,25.5,29.1,4.6,1.9,81,92.1,1012.7,1007.2,1010.5,26.7
2020-08-06,24.1,22.9,26,6.5,3.3,83,92.8,1008.7,1000.5,1005.1,24.8
2020-08-07,24.3,22.6,26.1,3.3,1.8,71,85.3,1009.2,1004.5,1006.6,24.8
2020-08-08,24.2,22.7,26.1,3.7,2.3,77,89.5,1004.7,1001.3,1002.9,24.9
2020-08-09,24.9,23.7,25.8,6.8,2.6,89,95.4,1003.4,1001.4,1002.2,24.3
2020-08-10,26.5,24.7,29.5,4.3,2,78,91.6,1004.7,1001.7,1003.4,26.4
2020-08-11,24.6,22.4,27.3,4.7,2.2,79,92.5,1012.6,1003.7,1009.3,25.2
2020-08-12,27.2,23.5,31.3,4.3,1.9,68,83.9,1013.7,1010.9,1012.4,28.3
2020-08-13,28,26.3,30.3,4.9,2.5,74,82.4,1012.4,1006.2,1008.9,27.4
2020-08-14,27.1,26.5,28,5.7,3.5,81,86.1,1006.9,1004.4,1005.5,26.3
2020-08-15,26.1,25,27,5.6,1.9,92,96,1010.1,1006.1,1008.4,25.9
2020-08-16,27.4,25.3,30.8,5.2,3,66,82.6,1012.1,1009.6,1010.6,27.9
2020-08-17,28.2,26.1,32.2,4.1,2.3,61,77.9,1014.8,1012,1013.4,29
2020-08-18,27.5,24,31.9,3.6,1.6,56,76.3,1014.7,1010.9,1012.9,29.1
2020-08-19,27.1,23.6,31.4,4.4,2,61,76.8,1012.9,1009.3,1011.3,28.6
2020-08-20,27.7,25,31.7,4.2,1.7,58,76,1013.4,1010.2,1012.1,27.6
2020-08-21,26.6,25.2,29.2,3.5,1.6,75,83.1,1014.5,1012.8,1013.7,27.6
2020-08-22,24.3,21.7,27.6,5.5,2.1,78,87.4,1013.9,1010.3,1012.2,25.2
2020-08-23,25.3,21.5,29.9,3.9,1.9,59,78.4,1010.8,1006.4,1008.4,27.2
2020-08-24,27.8,23.7,32,4.9,2.2,54,71.6,1007.5,1003.2,1004.8,28.6
2020-08-25,29.9,26,34.5,4.6,2.1,49,69.5,1006,1003.3,1004.5,30.5
2020-08-26,30.2,27,34.5,6.5,3.4,53,68.3,1005.7,997.5,1001.7,29.3
2020-08-27,27.1,25.6,28.6,7,3.6,70,84.6,1005.7,993.8,1000.9,27.2
2020-08-28,27.3,26,29.7,4.4,1.6,77,89.1,1009,1005.3,1007,28.1
2020-08-29,26.8,25.5,29,4,1.3,77,90.1,1010.5,1007.6,1008.9,28.7
2020-08-30,26.8,24.4,30.6,4.8,2.1,74,88.8,1013.3,1009.7,1011.3,28.1
2020-08-31,26.4,23.8,30,4.3,2.8,67,77.9,1013.5,1010.3,1012.1,27.2
2020-09-01,26.6,23.8,29.5,3.6,1.9,62,72.4,1011.9,1007.4,1009.1,27
2020-09-02,24.3,22.6,26.4,4,2.3,79,91.3,1008,994.7,1003.4,25.3
2020-09-03,22.7,20,25.6,9.8,4.8,63,82,1007.7,986.3,997,24
2020-09-04,23.3,19.9,27.5,5.6,2.7,39,63.9,1014.6,1007.6,1012,23.7
2020-09-05,23.3,19.2,27.3,3.5,2,53,66.6,1015.1,1011.9,1013.4,23.4
2020-09-06,21.7,19.5,24.4,4.8,2.7,62,80,1013.2,1004.2,1009.1,22.7
2020-09-07,19.2,17.5,20.6,7.9,4.2,84,93.5,1004.2,984.7,992.8,20.1
2020-09-08,23.4,20.6,26.5,7,4.2,50,71.5,1012.2,998.8,1008.5,23.1
2020-09-09,21.1,19,25.3,7.6,2.1,65,83.4,1012,1007.7,1009.7,22.2
2020-09-10,22.8,18.8,27,4.2,2,49,75.8,1011.5,1007.6,1009,24.4
2020-09-11,22.4,19.2,27.1,4.9,2.8,47,72.6,1016.6,1011.5,1014.4,22.7
2020-09-12,20.2,18.1,23.2,3.9,2,74,83.8,,,,21.5
2020-09-13,21.5,16.7,26.6,3.5,1.9,52,70.4,1017.2,1013.7,1015.6,24.1
2020-09-14,21.3,17.6,24.9,4.3,1.8,62,79.3,1015.3,1012.4,1014.3,22.8
2020-09-15,23,18.9,27.7,3.3,1.6,50,76.4,1014.8,1010.6,1012.4,23.9
2020-09-16,22.5,21.3,24.9,3.4,1.9,70,79.9,1010.9,1007.6,1009.4,22.2
2020-09-17,21.3,20.1,23.6,3.7,2.1,47,70.3,1011.1,1008.9,1010.1,21.5
2020-09-18,21.5,18.1,25.8,6,2.8,35,62,1015.1,1010.6,1012.6,22.4
2020-09-19,21.2,17.6,26.2,5.3,2.2,27,59.3,1016.2,1013.2,1014.8,21.8
2020-09-20,19.7,15.6,24.9,4.9,2,33,57.6,1018.6,1015.5,1016.9,21.2
2020-09-21,19.1,13.6,25.3,2.9,1.7,33,56.1,1019.9,1016.4,1018.1,20.6
2020-09-22,20.2,15.5,25.6,4.6,2.8,35,55.3,1020.4,1016.5,1018.6,21.8
2020-09-23,19.2,15.2,23.8,5.3,3.3,50,59.9,1019.4,1016.8,1018.2,20.8
2020-09-24,20.6,16.8,25.4,5.7,3.7,49,59.6,1017.8,1013.1,1015.2,22
2020-09-25,20.1,16.6,25.4,4.9,2.5,49,64.1,1015.7,1011.8,1013.6,21.5
2020-09-26,19.3,14.8,24.8,6.2,2.4,45,62.5,1018.9,1015.1,1016.7,20.4
2020-09-27,20.4,14.9,25.8,3.9,2,43,63.3,1020.2,1016.4,1018.4,21.4
2020-09-28,20.7,15.7,26.5,3.6,2,40,66,1018.8,1014.2,1016.4,22
2020-09-29,19.6,15.3,23.9,4.3,1.9,43,67.6,1015,1009.2,1011.6,20.7
2020-09-30,19.6,16.2,25.7,4.1,1.7,48,78,1012,1009,1010.6,21.1
2020-10-01,18.8,15.6,23.6,4.7,2.1,58,74.9,1014.7,1011.8,1013.3,19.6
2020-10-02,19.2,16.3,21.9,5.2,2.3,63,79.6,1015.4,1013.7,1014.6,18.5
2020-10-03,19.9,18.3,23.2,3.6,1.6,46,72.5,1017,1013.6,1014.8,19.8
2020-10-04,16.6,10.6,21.8,7.2,2.8,42,65.1,1016.1,1008.8,1012.7,17.8
2020-10-05,13.3,8.5,18.4,5.1,2.5,40,57.3,1020.5,1016.1,1018.2,14.5
2020-10-06,14.2,9.3,19.7,4.1,2,34,55.9,1024.9,1020.5,1022.5,14.6
2020-10-07,16,9.9,22,3.4,1.9,24,48.9,1027.7,1023.9,1026,14.9
2020-10-08,17.2,12.1,23.1,5.4,3.1,35,53,1029,1024.6,1026.9,15.9
2020-10-09,17.2,12.4,23.3,5.2,3,42,53.4,1026.9,1020.5,1023.4,16.6
2020-10-10,16.9,12.3,21.5,3.8,2,41,60.1,1022.3,1017,1019.8,16.6
2020-10-11,16.9,12.7,20.8,4.1,1.8,52,68.5,1018.5,1013.8,1016.2,16.1
2020-10-12,16.2,12.1,21.3,4.6,2.2,48,68.6,1018,1013.5,1015.3,16.8
2020-10-13,13.6,8.6,18.4,4.7,2.2,30,52.3,1023.1,1018,1021,14.2
2020-10-14,12.8,8.5,18,5.8,2.4,20,47,1026.7,1022.8,1025,14.3
2020-10-15,11.7,6.5,18.5,3.7,1.5,27,41.8,1028,1024.1,1026.2,13.1
2020-10-16,11.8,8.6,15.4,2.5,1.5,48,64.3,1026.3,1021.9,1024.1,12.5
2020-10-17,13.1,8.7,18.6,4.3,1.8,26,64.3,1024.8,1021.6,1023.4,13.1
2020-10-18,13.6,7.2,20.2,3.9,2,40,65.5,1026,1021.9,1023.9,12.9
2020-10-19,15.1,9.8,21.3,3.4,1.7,38,74.4,1026.6,1023,1025,14.3
2020-10-20,15.2,9.9,21.7,3.1,1.6,38,67.1,1028.8,1022.7,1025.7,14.5
2020-10-21,14.1,11.8,17.3,3.8,1.9,58,69.4,1023.5,1015.7,1018.9,13.7
2020-10-22,13.5,8.4,18.2,5.7,2.8,40,66,1015.7,1011.4,1013.7,15.2
2020-10-23,8.6,5.4,13.3,5.5,3,34,51.5,1017.1,1013.6,1015.3,10.7
2020-10-24,8.7,3.2,14,5.9,2.5,27,47.6,1020.9,1016.8,1019.1,9.4
2020-10-25,11.8,5.4,18.2,3.8,1.7,29,62.5,1021.7,1018.3,1020.2,10.9
2020-10-26,12.9,8,19,4.4,1.6,42,71.6,1021.8,1018.3,1020.1,11.9
2020-10-27,14,9,19.4,3.4,1.8,39,74.1,1022.4,1020,1021.2,13.2
2020-10-28,13.8,8.6,18.2,4.8,2.5,23,52.1,1025.1,1021.1,1022.8,13.8
2020-10-29,10.8,5.5,16.1,4.5,2,24,40.3,1026.2,1022.3,1024.1,11.5
2020-10-30,11.9,5.8,19.6,3.2,1.5,22,42.9,1027.2,1023.7,1025.5,11.2
2020-10-31,13.6,8.5,18.2,5,2.6,51,60.3,1027.2,1021.5,1024.3,12.9
2020-11-01,13.7,11.6,15,4.5,2.3,56,84.3,1021.8,1017.7,1019.5,13.1
2020-11-02,10.8,7.9,15.6,4.9,2.3,24,58.3,1022.3,1019.1,1020.4,10
2020-11-03,5.1,2.7,8.6,8.4,3.5,33,47.5,1024.1,1019.6,1022.5,6.1
2020-11-04,4.9,0.2,10.8,4.2,2.3,20,43.9,1028.2,1023.9,1025.9,5.2
2020-11-05,9.6,3.4,15.9,3,1.8,41,61.5,1029.1,1025.2,1027.2,10.5
2020-11-06,13.5,9.9,17.2,3.3,1.7,49,63.3,1026.1,1018.5,1021.2,12.5
2020-11-07,14.6,12.2,18.1,4.9,2.7,38,68.8,1019.3,1016.2,1017.8,14.6
2020-11-08,8.5,3.1,12.4,6.2,3.1,18,43.8,1026.3,1019,1022.8,9.9
2020-11-09,5.5,0.7,8.9,4,1.8,23,40.9,1027.5,1024.1,1025.8,5.6
2020-11-10,7.7,3.5,12.9,5,2.2,34,56.1,1030.4,1026,1028.5,7.9
2020-11-11,9.3,3.5,16.5,2.6,1.6,31,53.5,1033.4,1030.3,1031.9,8.7
2020-11-12,10.4,4.6,17.7,3.4,1.7,30,56.9,1032.5,1027.8,1030.4,9.2
2020-11-13,12.2,8.5,17.6,3,1.6,44,71.5,1029.9,1026.7,1028.6,12.1
2020-11-14,12.5,6.8,19.3,4,1.7,38,66.9,1031.5,1027.8,1029.3,10.9
2020-11-15,11.1,8.2,14.9,3.7,1.7,61,75,1028.9,1026.3,1027.5,10.2
2020-11-16,12.4,7.5,18.3,4.1,1.6,45,70.1,1028.4,1024.3,1026.3,10.9
2020-11-17,15.9,11.7,20,4.5,2.3,52,67.5,1026.1,1021.4,1023.4,13
2020-11-18,16.6,14.8,18.7,3.6,2.6,77,91.4,1021.6,1009.3,1015.6,15.3
2020-11-19,13.6,6.9,19.1,7.3,4.2,78,90.5,1013.9,1003.2,1008.1,14.6
2020-11-20,2.8,0.3,7,5.6,3.2,68,74.3,1025.7,1013.8,1020,6.2
2020-11-21,6.5,-0.3,12.8,4.8,2.1,48,67.9,1026.5,1021.5,1023.7,6.5
2020-11-22,5.6,1.5,9.1,5.7,2.5,66,80.5,1026.8,1020.7,1023,7.3
2020-11-23,1.7,-1.5,5.9,4.9,2.3,36,61.4,1030,1026.6,1028.6,2.9
2020-11-24,2.9,0.2,6.4,3.8,1.8,39,54.5,1030.2,1027.3,1028.8,3.5
2020-11-25,4.6,0,9.5,3,1.5,45,64.1,1029.1,1026.1,1027.7,3.5
2020-11-26,5.6,1.9,10.9,3.6,1.7,42,66.5,1028.5,1025.3,1027.2,4.4
2020-11-27,4.1,0.6,7.7,5.3,2.7,44,61.6,1028.1,1024.3,1026.1,4.9
2020-11-28,-0.1,-2.3,2.8,5.3,2.8,30,50,1031.4,1027.8,1029.3,1.2
2020-11-29,-0.6,-3.6,2.6,4.5,2.2,52,59.6,1033,1028.1,1030.2,0.7
2020-11-30,-0.2,-3.6,4.3,4.6,1.9,38,57.8,1037.2,1032.9,1035.1,0.4
2020-12-01,1.1,-3.6,6.7,4,1.9,24,44.5,1038.4,1033.5,1035.6,0.3
2020-12-02,2.4,0.5,6.1,3.9,1.8,25,41.4,1033.9,1028.9,1031,2.2
2020-12-03,0.7,-2.3,4.2,4.9,2.7,36,47.1,1031.6,1028.5,1030,1.2
2020-12-04,-0.6,-4.6,4.4,4.3,1.8,30,53.8,1031.9,1028.7,1030.5,-0.3
2020-12-05,2.1,-2.2,6.6,3.9,1.7,51,63.1,1031.4,1028.6,1029.9,0.5
2020-12-06,4.5,1.2,9.1,4.3,1.8,46,66.9,1029.8,1026.6,1028.1,2.1
2020-12-07,3.4,-0.7,6.3,5.6,2.6,37,57.5,1029.9,1026.6,1028.3,3.1
2020-12-08,-0.5,-3.5,4.1,3.9,2,28,50,1030.8,1027.6,1029.1,0.1
2020-12-09,1.5,-4.1,6.2,3,1.5,35,55.1,1029.5,1024,1026.7,-0.3
2020-12-10,5.8,3.2,9.3,3.5,1.7,57,69.9,1024.3,1021,1022.4,3.9
2020-12-11,5.3,2.6,9.4,4.5,1.8,57,77.1,1022.4,1017.8,1019.7,3.3
2020-12-12,2.3,-0.3,6.1,4.8,2.1,32,51.3,1020.7,1018.6,1019.7,1.8
2020-12-13,-1.1,-6,2,6.1,2.9,52,74.9,1025.7,1014.3,1019.2,0.5
2020-12-14,-7.7,-9.7,-5,5.3,3.4,31,49.1,1031.7,1025.6,1029.6,-1.9
2020-12-15,-8.3,-11.1,-4.6,5.2,2.8,28,43,1033.7,1030,1031.8,-3.7
2020-12-16,-8.3,-11.2,-3.9,4.6,2.6,29,43.9,1033.1,1030.7,1031.9,-4.3
2020-12-17,-4.9,-11.1,0.8,3.7,1.7,24,47,1033,1028,1030.7,-3.7
2020-12-18,-2.1,-6.4,1.8,5.4,3,34,57,1032.2,1026.7,1028.7,-1.3
2020-12-19,-5.1,-9.6,-1.2,5.1,2.4,26,45.1,1035.6,1031.9,1033.6,-3.5
2020-12-20,-3.7,-8.2,1.1,4.4,2,29,50.4,1034.1,1031.1,1032.7,-3.3
2020-12-21,-1,-6,4.7,3.7,1.6,40,64.1,1031.5,1027.9,1029.4,-2.4
2020-12-22,2,-2.5,7.2,4.7,2,42,67.6,1028.4,1024.4,1026.1,-0.4
2020-12-23,4.5,-0.4,8.5,5.1,2.3,62,76.6,1026.4,1018.2,1022,0.4
2020-12-24,2.6,-2,6.1,6.5,2.9,35,61.5,1021.4,1016.6,1018.5,0.7
2020-12-25,-0.8,-4.7,3.5,4.7,2.1,34,51.9,1025.1,1020.9,1023.7,-1.4
2020-12-26,2.2,-2.1,8,3.9,1.8,49,65.8,1026.4,1022.8,1024.3,-0.6
2020-12-27,5.8,1.4,10,2.8,1.8,48,62.9,1024,1018.7,1021.6,1.4
2020-12-28,6.7,4.2,11.4,3.1,1.4,45,72.1,1024.9,1021.3,1023.1,2.7
2020-12-29,0.1,-6.2,4.3,6.1,2.9,40,70.8,1024,1020.5,1021.9,-0.1
2020-12-30,-10.9,-12.9,-6.2,6.2,4.1,41,55.5,1027.5,1021,1023.8,-4.4
2020-12-31,-8.9,-12.9,-5,4.2,2.4,42,53.9,1028.2,1024.5,1026.6,-5
2021-01-01,-4.2,-9.8,1.6,4.1,2,50,64,1028.1,1023.9,1026,-3.4
2021-01-02,-5,-8.4,-1.4,5.4,2.6,29,38.5,1032.7,1026,1029.6,-3.9
2021-01-03,-5.6,-9.1,-2,4.5,2,28,45,1035.5,1032.8,1034.3,-4.9
2021-01-04,-3.5,-8.4,0.3,3.2,1.7,38,51.4,1035,1028,1031.4,-3.3
2021-01-05,-5.5,-9.9,-2.1,5.7,2.9,30,52.8,1033,1028.8,1030.4,-3.2
2021-01-06,-7.4,-12,-1.9,8.1,2.4,24,54.6,1030.3,1016.7,1024,-4
2021-01-07,-14.5,-16.5,-8.4,8.3,4.1,35,49.9,1029.1,1019.8,1026.8,-6.1
2021-01-08,-14.9,-18.6,-10.7,6.1,3.3,35,44,1027.5,1022.9,1025.6,-9.3
2021-01-09,-12.2,-16.6,-7.5,6.5,2.6,35,46.3,1027.4,1023.3,1025.4,-8.4
2021-01-10,-7.7,-12.8,-2.7,2.6,1.3,37,54.4,1030.3,1026.1,1028.2,-6.1
2021-01-11,-6.7,-9.6,-4,3.5,1.9,50,62.1,1031,1023,1026.7,-5.5
2021-01-12,-3.9,-9.3,-0.5,3.4,1.8,61,79.5,1023,1015.1,1017.9,-4.1
2021-01-13,2,-3,8.3,4.9,2.4,63,80.3,1020,1012,1015.3,0
2021-01-14,1.7,-3.6,7,3.9,2.3,26,46.5,1024.8,1019.8,1021.9,-0.2
2021-01-15,4.5,-0.7,9.9,5.8,3,42,67.4,1020,1011.2,1016.2,0.7
2021-01-16,-4.9,-8.7,-0.7,5.2,3.3,34,59.3,1029.3,1019.7,1025.9,-1.6
2021-01-17,-5.5,-10.8,-1.3,4,2.3,29,58.5,1031.3,1023.5,1027.5,-3.9
2021-01-18,-3.8,-9.1,0.2,8.6,3.2,30,64.3,1029.3,1017.1,1021.7,-3.3
2021-01-19,-6.3,-11.6,-0.2,4.7,1.8,19,37.9,1034.1,1029.1,1032.4,-4.8
2021-01-20,-0.1,-6.6,7.1,4.3,2.2,24,37.8,1033,1027.5,1030,-2
2021-01-21,4.5,2.5,7,3.8,2.3,36,64.4,1027.8,1020,1023.3,0.7
2021-01-22,5.5,4.8,6.6,3.2,1.7,89,92.9,1020.9,1018.8,1019.8,1.9
2021-01-23,7.6,4.8,12.2,5.8,4.2,49,66,1023.4,1018.1,1020.3,3.6
2021-01-24,7.3,2.4,13.9,4.7,2.1,43,63.9,1027.7,1023.3,1025.8,3
2021-01-25,7.9,3,13.9,3.6,1.9,37,62,1029.6,1022.3,1025.6,3.3
2021-01-26,5.3,1.7,7.4,3.8,1.9,64,80.4,1022.4,1017.3,1020,2
2021-01-27,1.7,-1.8,6.5,5.2,2.2,20,47.6,1025.9,1021.6,1023.7,1.6
2021-01-28,-2.6,-9.7,1.4,8.7,4,35,52.3,1023.8,1012.5,1017.4,-0.3
2021-01-29,-8.8,-11.6,-4.9,7.3,3.5,29,40,1028.4,1023.8,1026.9,-1.7
2021-01-30,-1.6,-8.1,5.2,4.8,2.5,39,60,1029.5,1023.7,1026,-0.3
2021-01-31,3.2,-3.8,8.7,4.4,2,35,57,1030.3,1021.1,1026.3,0.1
2021-02-01,5,-2.3,9.5,6.7,2.7,45,74.5,1022.1,1012.7,1016.7,1.6
2021-02-02,-5.6,-8.2,-2.4,5.9,3.9,28,44.1,1028.5,1022.1,1026.5,-0.6
2021-02-03,-3.2,-9.4,1.4,4.5,2.2,43,64.6,1029.2,1020.1,1025.5,-1.4
2021-02-04,-3.6,-7.4,0.7,5.3,2.5,29,50.1,1030,1020.8,1027.5,-0.3
2021-02-05,1.4,-4.4,6.7,5.1,2.4,60,71.8,1026.8,1017.2,1021,0.2
2021-02-06,6.8,4.3,9.5,4.6,2.2,72,80.4,1017.4,1013.9,1015.3,2.2
2021-02-07,3.6,-2.6,7.7,5.3,2.9,29,67,1025.4,1016.4,1021.5,3.2
2021-02-08,-3.1,-5.4,0.2,6.3,3.4,29,43.6,1030.8,1025.4,1028.5,0.2
2021-02-09,-0.9,-6.1,4.7,4.8,2,28,51.9,1030.9,1026.6,1028.6,0.5
2021-02-10,3.4,-1.5,7.2,4.3,2.1,63,75.1,1027.6,1023.4,1025.3,0.7
2021-02-11,5.5,1.3,10.9,3.1,1.3,47,71.5,1027.9,1023.2,1025.3,2.8
2021-02-12,6.5,0.6,14,3.4,1.7,29,60.6,1025.9,1023.6,1025,4.2
2021-02-13,7.6,1,15.9,3.8,1.5,24,50.6,1027.3,1021.6,1024.3,4.5
2021-02-14,9.5,6.4,13.8,3.6,1.7,31,47.6,1021.7,1010.5,1014.9,5.6
2021-02-15,1.2,-5.2,8.2,7.3,4,36,65.1,1018.1,1007.7,1011.7,3.7
2021-02-16,-5.1,-7,-1.3,7.2,3.2,32,57.9,1019.2,1014.5,1017.2,-1.7
2021-02-17,-8.3,-10.4,-5.2,7.5,5,32,44.1,1021.3,1017.2,1019.1,-2.1
2021-02-18,-5.8,-10.6,-0.4,6.1,3.1,34,44.9,1023.6,1020.8,1022.5,-1.3
2021-02-19,1.6,-7.1,8.9,5.9,2.9,49,66.9,1024,1011.1,1017.2,0.5
2021-02-20,8.8,5.5,14.9,3.9,2.1,25,60.4,1011.3,1008.3,1009.9,4
2021-02-21,10.8,4.7,17.4,5.8,2.8,47,66.6,1011.1,1007.6,1009.5,5.5
2021-02-22,7.8,0.4,12.6,6.5,2.9,25,58.3,1023.5,1010,1015,6.5
2021-02-23,0,-3.1,4.3,5.3,2.9,21,34,1028.5,1023.3,1026.1,2.9
2021-02-24,2.9,-3,10.1,3.2,1.8,20,33,1027.6,1023,1025.5,3.6
2021-02-25,4.2,0.7,8.2,2.8,1.4,25,35.1,1025.6,1022.1,1023.8,1.6
2021-02-26,8.2,0.5,15.8,4.3,2.3,18,35,1026.7,1021,1023.8,5.1
2021-02-27,9.5,4.3,16.2,5.6,3.4,32,48.6,1030.3,1026.2,1028.4,7
2021-02-28,7.8,3.2,10.8,4.3,2.1,38,49,1029.7,1022.1,1026,5.4
2021-03-01,4.7,0.5,9,6.2,3.5,44,91,1022.1,1010.1,1015.6,4.7
2021-03-02,2.3,0.2,6.9,4,1.9,45,75.9,1029.4,1016.7,1025.2,5.4
2021-03-03,4.4,-1.2,9.9,3.1,1.8,36,64.4,1031.9,1026.8,1029,4.5
2021-03-04,7.2,2.5,13,3.6,1.9,48,62.4,1027.5,1021.5,1024.1,6.2
2021-03-05,9,3,16.2,4.9,2.1,44,70.3,1023,1018.4,1021.1,9.1
2021-03-06,6.6,3.2,11.6,6.2,3.3,49,69.5,1030.8,1022.9,1027.3,7.1
2021-03-07,6.2,2.1,12.2,5.2,2.8,37,62.9,1030.7,1025.6,1028.3,7.9
2021-03-08,7,1.5,13.9,4.9,1.8,32,60.3,1029,1024.8,1026.9,8.1
2021-03-09,6.6,2.1,12.2,4.6,2.2,31,58.5,1027.5,1023.7,1025.8,6.9
2021-03-10,8.8,1.7,17.1,3.7,1.8,28,61.8,1030.6,1026,1028.2,9
2021-03-11,10.2,4.7,17.1,4.5,1.8,22,50.8,1029.6,1022.3,1025.8,9.8
2021-03-12,10.5,7.2,14.9,4.8,2.2,39,57,1023.8,1020.7,1021.9,8.7
2021-03-13,9.2,4.6,14.2,4.4,2.2,42,62.8,1024,1019.6,1021.6,9.9
2021-03-14,9.1,4.9,14.7,3.9,2.2,48,71.4,1021.9,1018.7,1020.1,10.9
2021-03-15,10.6,5.1,15.7,5.1,2.4,40,68.8,1019.9,1013,1016.2,10.3
2021-03-16,8.4,4.9,13.1,5.3,3.2,26,52.5,1018.6,1012.3,1015.9,11.8
2021-03-17,8.8,1.8,17.5,4.7,1.8,21,44.9,1020.6,1017.1,1019.3,10.4
2021-03-18,11.7,5,18.4,4.2,1.8,33,50.1,1021.6,1017.1,1019.4,11.6
2021-03-19,15.3,11.4,20.2,4.3,2.2,32,47.9,1021,1014.9,1018.2,15
2021-03-20,9.9,7.4,14.7,4,2.2,44,74.6,1016.5,1011,1013.3,9.8
2021-03-21,5.8,3.1,8.6,6.8,4,44,65.9,1020,1012.7,1015,7.6
2021-03-22,6.2,1.1,11.1,6.9,3.2,26,55.3,1021.8,1018.4,1020.5,9
2021-03-23,9.1,2.5,16.4,5.7,2.5,35,63.5,1022.6,1018.6,1020.6,10.6
2021-03-24,10.8,5.7,16.9,5.3,2.4,39,61.5,1022.1,1017.6,1020.4,11.7
2021-03-25,11.9,6.8,19,4.9,2.2,40,68.5,1022.6,1019.6,1021.1,13.5
2021-03-26,12.6,4.8,20.6,2.9,1.4,25,58.4,1023.9,1017.7,1020.5,13.4
2021-03-27,12.1,10.2,15,4.8,2.5,41,70.9,1018.3,1001,1010,10.5
2021-03-28,9,7.7,13,6.4,3.3,89,95.8,1005.1,999.6,1003,10.2
2021-03-29,10.2,7.3,14.6,6.6,3.3,32,62.3,1011.5,1004.2,1008.5,11.4
2021-03-30,10.8,4.1,18.2,5.1,2.2,21,47.3,1015.2,1011,1012.7,12.6
2021-03-31,14.5,5.9,22.9,3.6,1.8,19,41,1015.9,1012,1014.2,14.2
2021-04-01,17.7,12,24,6.7,3.5,18,33,1020.5,1015.1,1018.1,14.4
2021-04-02,17.8,12.5,23,6.4,3.2,25,35.6,1021.9,1016.8,1018.8,15.3
2021-04-03,14.9,10.9,18,6.3,3.1,40,80.8,1016.8,1009,1012.2,13.9
2021-04-04,11.9,9,15.8,5.2,3.2,47,65.8,1020.9,1010.7,1015.7,13.1
2021-04-05,11.9,5.4,19.3,5.3,2.4,19,47.9,1024.6,1019.6,1022.1,14.5
2021-04-06,13.9,9.4,19.2,5.4,2.5,29,50.9,1021.6,1017.5,1019.9,15.2
2021-04-07,14.1,8.1,20.4,6.2,2.5,24,47.5,1021.3,1017.2,1019.2,15.4
2021-04-08,13,7.2,18,5.8,2.7,22,34,1020.3,1016.1,1018.4,15.1
2021-04-09,13.6,7.6,19.6,5.8,2.7,25,39.3,1028.4,1020,1024.3,15
2021-04-10,12.6,7.7,18.8,4.7,2.6,28,50,1031.9,1028.5,1030.2,15.2
2021-04-11,15,7.5,21.8,3.9,1.7,24,45.4,1032.2,1026.1,1029,15.9
2021-04-12,13.8,11.9,17.8,4.8,2.4,36,70.4,1026.2,1008.1,1017.3,13.2
2021-04-13,10.4,5.7,13.5,5.7,3.7,53,74,1017.9,1007.7,1012.8,14.5
2021-04-14,8.4,3.1,13.3,6.9,2.9,30,58.5,1020.6,1017.8,1019.3,13.3
2021-04-15,11.6,6.3,18.3,4.7,2.1,31,62.3,1021.5,1015.3,1018.2,14.9
2021-04-16,11.3,8.1,14.8,5.7,2.6,35,60,1018.1,1014.2,1015.9,12.6
2021-04-17,9.6,6,14.6,7.1,2.6,33,56.6,1018.1,1011.7,1014.7,12.2
2021-04-18,9.9,5.6,15.3,5.7,3.2,39,64.3,1018,1014.4,1016.3,14
2021-04-19,12.2,5.8,19.4,4.9,2.4,44,65.3,1019.1,1015.1,1017.2,15.6
2021-04-20,14.8,8.1,22,4.5,1.9,27,55.1,1022.3,1018.9,1020.8,17.3
2021-04-21,19.1,10.3,28.2,4.3,1.8,21,43.1,1023.4,1017.7,1021.2,19.8
2021-04-22,20.9,16.1,27.5,5,2.5,22,37.9,1021.9,1015.7,1018.5,20.1
2021-04-23,19,17,21.7,6.9,3.2,29,41.4,1020.6,1017.3,1019.2,17.1
2021-04-24,18.3,15.3,22.2,5.2,2.7,23,43,1021.7,1017.8,1019.6,17.7
2021-04-25,18.2,12.6,24,5.6,2.7,31,50,1020.7,1017.1,1019.1,21.4
2021-04-26,16.2,12.3,20.6,4.6,2.6,27,51.8,1022.7,1019.1,1020.8,20.1
2021-04-27,15.4,12.5,20,5,2.3,38,62.4,1020.8,1015.4,1017.6,17.3
2021-04-28,14.5,11.2,18.2,4.8,2.4,35,64.1,1017.8,1014,1016,16.3
2021-04-29,14.6,10.9,20.1,6.4,2.3,30,54.1,1014,1002.6,1005.9,16.9
2021-04-30,11.3,8.6,14.6,5.2,2.4,63,81.8,1008.2,999.3,1004.5,12.8
2021-05-01,10.2,8.5,15.3,6.3,2.7,47,80.8,1010.3,1003.6,1005.8,12.4
2021-05-02,12.4,7.3,18.7,5.3,3.1,41,67.9,1019.9,1010.3,1016.5,16.8
2021-05-03,14.1,8.4,20.3,4.9,2.1,27,56.4,1020.4,1015.1,1017.8,17.3
2021-05-04,13.8,11.4,15.8,4.8,2.1,53,82.6,1017.3,1003.7,1009.5,13.5
2021-05-05,13.9,10.3,18.4,6.7,3.5,29,64.4,1018.4,1004.5,1012.5,17.6
2021-05-06,15.7,7.9,23.1,6.5,2.4,27,46.4,1018.6,1011.5,1015.3,16.8
2021-05-07,14.4,10.7,17.2,6.7,3.4,38,60.3,1011.5,1003.3,1006.1,15.5
2021-05-08,14.3,8.9,21,8.4,3.4,36,66.1,1008.4,999.2,1004.4,16.9
2021-05-09,15.7,10,21.8,7.9,3.5,25,51.3,1011.8,1006.5,1009.4,18.2
2021-05-10,13.2,11.7,14.6,4,1.8,59,67.9,1015,1010.4,1013.4,13.5
2021-05-11,18.5,9.4,25.7,5,2.7,28,48.9,1014.9,1010.8,1013.1,18.7
2021-05-12,22,16.9,27.7,3.7,2.2,26,39.5,1013.8,1008.9,1011.8,21.7
2021-05-13,22.9,16.6,29.6,4.2,1.9,36,54.4,1012.6,1009,1011,24.6
2021-05-14,24.1,18,30.8,4.3,1.7,35,60.3,1013.2,1008.5,1010.5,25.2
2021-05-15,22.1,20.8,26.2,3.6,1.7,56,79.5,1009.3,1003.9,1006.2,22.9
2021-05-16,18.4,14.8,20.8,4.4,2.5,94,97.6,1004.3,999,1001,19.6
2021-05-17,15.3,14.2,16.7,3.1,1.6,86,93,1010.5,1002.7,1007,17.4
2021-05-18,17.9,13.6,24.5,4.5,1.7,45,70.5,1012.1,1008.7,1010.5,20.2
2021-05-19,19.9,12.4,26.6,4.4,1.8,31,52.3,1012.9,1009.8,1011.7,22.3
2021-05-20,18.7,15.6,22.9,6.2,2.5,42,59.8,1011.6,1000.3,1005.1,17.9
2021-05-21,16,14.2,18.2,4.2,1.7,73,86.5,1010,1000.7,1005.9,17.4
2021-05-22,18.6,13.8,23.8,6.2,2.5,43,69.3,1012,1008.9,1010.7,21.8
2021-05-23,19.5,14.3,25.1,4.8,1.7,46,64.4,1013,1008.6,1010.8,21
2021-05-24,19.4,16.4,24.5,5.6,2.7,28,61,1009.5,1005.8,1007.8,22.8
2021-05-25,15.3,11.9,19.3,7.4,3.2,37,72.3,1010.2,1005.2,1007,17.9
2021-05-26,18,11.5,23,6.5,2.9,31,58.5,1010.9,1004.5,1007.3,18.8
2021-05-27,15.8,13.9,18.7,5.2,2.8,52,83,1005.2,999.3,1001.6,16.4
2021-05-28,15.3,12.4,19.7,5,2.6,66,86,1006.4,996.6,1000.6,17.4
2021-05-29,15.4,12.8,19.1,3.7,2.2,59,79.8,1010,1001.5,1006.7,18.1
2021-05-30,18.4,10.8,26.3,7.6,2.1,37,73,1010.7,1006.2,1008.9,21.9
2021-05-31,19.9,16.5,23.8,3.5,1.8,63,78.9,1012.8,1009.4,1011,21.1
2021-06-01,20.2,15.9,23.9,5.4,2.2,57,74.6,1016.5,1011.5,1013.8,21.1
2021-06-02,23.2,16.6,29.7,4.5,2.1,37,64.4,1014.9,1009.8,1012.4,25
2021-06-03,19.1,14.6,22.7,7.5,1.8,59,80.8,1011,1000.5,1004.2,20.4
2021-06-04,18.5,13.3,23.6,6,2.9,38,69.4,1002.6,1000.5,1001.6,22.7
2021-06-05,20.8,17,25.7,5.5,3.3,40,68.1,1003.5,999.1,1000.8,22.2
2021-06-06,23,18.4,28.2,3.8,2.2,48,69.6,1010.9,1003.3,1006.4,25
2021-06-07,21.1,19.4,24,3.3,1.7,57,71.5,1015.2,1010.4,1013.7,21.1
2021-06-08,23.6,18.8,29.5,3.6,1.7,43,69.6,1016.2,1013.4,1014.9,25.4
2021-06-09,25.8,19.5,31.6,3.4,1.6,36,59.1,1016.3,1012.3,1014.3,26.5
2021-06-10,24.9,20.5,29.8,5.4,2.2,43,68.5,1013.5,1007.9,1010.6,25.5
2021-06-11,21.5,19.9,24.4,5.7,2.8,70,84.5,1013.1,1006.5,1009.9,23.8
2021-06-12,24.2,18.2,30.2,3.9,1.8,49,74.6,1014.2,1009.3,1011.4,27.3
2021-06-13,24.8,20.9,29.7,4.3,2,54,72.6,1010.8,1005.6,1008.1,27.9
2021-06-14,24.8,18.9,30.2,4,2.1,50,68.8,1007.6,1003.4,1005.4,27.8
2021-06-15,22.5,21.5,25.3,3.9,2.3,68,79.1,1005.2,1003,1004.3,23.3
2021-06-16,24.3,20.3,28.9,5.7,3.6,46,59.9,1007.2,1003.8,1005.2,27.3
2021-06-17,21.9,19.6,25,3.6,2.4,58,71.4,1007.7,1004.2,1005.6,23.4
2021-06-18,20,19,21.4,3.8,2.5,82,92.1,1004.3,999.8,1001.3,21.6
2021-06-19,22.3,17.5,27.4,3.7,1.8,49,74,1002.2,999.7,1001.1,26.1
2021-06-20,22.9,17.6,29,6.8,2.8,48,73.3,1002.4,999,1000.6,26.9
2021-06-21,23.6,19.2,28.5,4.6,2.2,45,67,1006.8,1002.2,1004.2,28.1
2021-06-22,22.8,19.7,28.6,7.8,2.1,41,67.9,1010,1006.4,1008.1,25.8
2021-06-23,22.4,18.8,27.9,6,2.4,49,70.5,1012.1,1008.8,1010.3,26.9
2021-06-24,23,18.5,28,4.4,1.9,51,71.1,1012.4,1009,1011,25.2
2021-06-25,24.1,19.5,29.5,4.7,2,48,69,1012,1008.4,1010.4,28
2021-06-26,22.8,19.9,26.7,3.4,1.8,63,78.5,1011.9,1009,1010.3,25
2021-06-27,24.5,19.8,30.8,7.8,2,43,72.1,1009.9,1004.1,1007,27.8
2021-06-28,23.7,21,29.2,4.1,1.9,57,76.4,1006.5,1003.3,1005.1,25
2021-06-29,23.9,21.3,28.4,4.1,1.8,56,78.6,1007,1004,1005.3,26.4
2021-06-30,24.3,21,28.8,3.6,1.3,55,77.9,1008.1,1005.3,1006.8,26.3
2021-07-01,26.3,21.4,31,4.1,1.8,45,70.9,1007.9,1004.8,1006.5,27.4
2021-07-02,27.1,23.6,31.8,3.5,2.3,47,64.1,1010.3,1007.1,1008.3,27.2
2021-07-03,22.6,19.6,25.7,5.9,3.6,62,80,1010,1000.8,1006.1,23.5
2021-07-04,21.4,19.8,23.1,4.9,2.3,91,96.8,1009.8,999.1,1004.2,22.2
2021-07-05,23.3,20.1,26.9,3.5,1.4,64,80.3,1011,1008,1009.6,24.6
2021-07-06,25.3,21,30.1,3.7,1.6,54,73.4,1008.4,1005.4,1006.9,26.8
2021-07-07,26.4,23.9,29.1,3.3,1.5,65,78.5,1008.5,1004.5,1006.8,26.6
2021-07-08,26,23.8,29.8,4.7,2,66,81.6,1006.3,1002.9,1004.8,27
2021-07-09,25.5,23.6,29.2,4.2,1.9,62,77.3,1007.1,1003.3,1005.1,27
2021-07-10,25.9,23.1,29.2,5.4,2.4,60,80.4,1009.2,1006.1,1007.2,26.9
2021-07-11,25.7,24.1,27.5,4.8,2.2,81,86.8,1010.7,1008.7,1009.7,26.3
2021-07-12,28.1,23.8,32.5,3.1,1.6,58,75.1,1011.3,1007.8,1009.6,29
2021-07-13,28.8,26.3,31.5,3.7,1.7,62,76.1,1010.6,1008.6,1009.4,28.5
2021-07-14,29.7,26.1,33.5,4.2,2.2,56,71.4,1013.5,1010.3,1011.7,30.6
2021-07-15,29.1,25.9,34.5,4.6,2.1,51,71.1,1015.6,1012.9,1014.2,31.8
2021-07-16,28.8,24.2,35.2,7.4,2.2,44,68.4,1016.2,1010.8,1014,32.5
2021-07-17,29.1,24.7,32.8,4.2,2.3,50,63.1,1013.8,1009.3,1011.7,32.4
2021-07-18,29.6,25.7,34.1,4.2,2.1,46,62.5,1012.2,1009.1,1011,33.1
2021-07-19,26.4,24,30.5,4.9,1.9,61,80.1,1014.6,1011.6,1013.2,28
2021-07-20,27.9,23.6,31.8,3.6,1.5,58,75.8,1015.4,1012.7,1014.1,28.9
2021-07-21,30.5,25.3,35.3,3,1.7,40,64,1014.3,1010,1012.4,30.5
2021-07-22,31.2,26.5,35.9,3.7,2,37,59.8,1012.3,1008.4,1010.4,31.4
2021-07-23,31.2,27.2,35.8,3.6,1.8,42,61.8,1010.7,1006.7,1008.8,32.2
2021-07-24,31.7,26.9,36.5,4.2,1.7,37,57.4,1009.4,1005.9,1007.7,32.6
2021-07-25,31.5,27.2,35.9,4.4,2,40,55.8,1007.7,1003.9,1006,34.2
2021-07-26,31.2,27.4,35.4,4.3,2.4,40,54.9,1005.9,1002.2,1004,35.3
2021-07-27,31.1,27.8,35.7,4.6,2.1,43,60.5,1004,1000.2,1002.3,33.3
2021-07-28,30.4,27.1,34.7,4.9,1.9,52,67.4,1003.5,1000.4,1002,33.5
2021-07-29,29.6,27,33.3,3.9,2,57,69.9,1003.1,999.9,1001.4,31.3
2021-07-30,30.5,25.8,35.4,4.1,2.1,44,63.1,1001.5,997.8,999.9,33.5
2021-07-31,29.8,26.8,34.3,4.3,2.5,52,69.9,1001.1,998.5,1000.1,31.6
2021-08-01,27.1,25.1,28.8,4.7,1.3,71,81.8,1001.9,998.7,1000.5,28.3
2021-08-02,26.5,25,28.6,3.4,1.6,69,82.6,1005.7,1000.9,1003.2,27.8
2021-08-03,28,24.1,31.4,5.5,1.8,60,76.9,1009.2,1005.4,1007.3,29
2021-08-04,28.9,26.3,33.2,4.3,2,51,70.6,1009.7,1006.6,1008.4,29.9
2021-08-05,29.4,25.6,33.7,4.1,2.1,53,68.1,1008.4,1003.8,1005.9,30.7
2021-08-06,28.1,26,32.2,8.3,2.1,57,68.4,1005.2,1001,1003.6,33.8
2021-08-07,28,23.4,32.3,4,2.1,48,65,1004,1001.4,1003.1,35.3
2021-08-08,26.8,24.4,32.1,4.3,1.7,57,74.8,1004,1001.7,1003,28.9
2021-08-09,28.3,23.3,33.6,4.8,2.3,42,62.4,1005.5,1001.4,1003.1,31.7
2021-08-10,27.7,24.3,32.2,4.4,2.3,46,62.5,1009.6,1005.4,1007.1,31.1
2021-08-11,27.4,24.1,31.6,3.9,2,49,70.3,1011.5,1008.1,1009.8,31.5
2021-08-12,26.8,24,31.7,4.6,1.8,52,67.1,1011,1007.5,1009.2,29.6
2021-08-13,26.6,23.4,30.1,3.5,2,57,70.4,1008.1,1004.5,1006.3,28.8
2021-08-14,26.1,23.4,30.5,4.8,3,51,63.9,1011.4,1005.7,1007.9,29.6
2021-08-15,26.9,21.7,32.4,3.7,2.3,41,59.6,1015.1,1011.3,1013.4,30.6
2021-08-16,27.3,22.5,32.8,3.7,2.3,39,61.1,1016.1,1011.2,1013.7,33.6
2021-08-17,25.9,21.9,31.3,4.6,2.4,46,65,1013.2,1006.6,1009.9,30.6
2021-08-18,24.3,20.6,31,5.4,2.8,48,69.6,1012,1008.2,1010.2,25.1
2021-08-19,26,21,31.5,4,2.6,42,57.1,1012.4,1009.8,1011.3,29.1
2021-08-20,26.6,22.6,30.7,5.1,2.3,50,63.6,1012.6,1009.1,1011,28.9
2021-08-21,23.8,21,25.5,6.7,2.7,76,88.1,1009.8,996.8,1002.8,25.7
2021-08-22,24.4,22.4,27,4.4,2.1,63,81.5,1010.5,1004.9,1008,24.7
2021-08-23,22.4,21,24,3.3,2,78,89.3,1011,1003.3,1008.4,22.9
2021-08-24,23.4,21.1,26.4,6.1,2.9,89,93.6,1004.1,996.5,999.5,24
2021-08-25,25,23.5,27.3,3.8,1.8,73,85.5,1009.1,1003.9,1006,26.7
2021-08-26,25.5,22.9,27.9,5,2.5,75,84.9,1012.8,1008.9,1011.5,25.9
2021-08-27,22.4,20.4,25.5,3.2,1.3,67,83.5,1014.4,1011.7,1013.1,23.1
2021-08-28,23.6,19.7,28.2,3.9,1.8,57,80.4,1015.5,1012.7,1014,25.1
2021-08-29,23.7,21.9,26.3,3.4,1.6,65,82.6,1015.5,1012.6,1013.8,24.3
2021-08-30,24.2,21.2,27.7,2.9,1.4,57,77.5,1016.8,1014.4,1015.7,25.3
2021-08-31,20.5,18.1,23.1,4.9,2.3,77,93.3,1016.4,1010.5,1014.5,21.2
2021-09-01,21.4,18.5,23.9,4.7,2.9,71,83.1,1010.8,1008,1009.5,22.4
2021-09-02,23.5,20.7,26.7,3.4,2.1,56,70.3,1011.6,1007.8,1009.7,24.4
2021-09-03,24.3,20.6,29.2,4,2.4,38,60.3,1012.4,1007.9,1009.5,26.7
2021-09-04,23.2,18.5,28.6,3.7,2.7,45,57,1017.4,1012.4,1015.1,25.7
2021-09-05,23.1,19.4,27.3,4.9,3.2,51,61.1,1020.1,1016.8,1018.2,23.8
2021-09-06,22.3,18,26.4,5.5,3.2,51,70.1,1020,1013,1016,23.2
2021-09-07,19.6,17.6,20.9,4.4,2.3,94,98.1,1013.9,1005.2,1007.8,20.4
2021-09-08,22.2,19,26.9,4.2,1.7,58,81.3,1013.3,1007.2,1010.3,23.7
2021-09-09,23.5,19.1,29.1,3,1.5,47,76.5,1014.7,1011.8,1013.4,25.5
2021-09-10,23.6,19.5,28.9,4.3,1.9,49,76,1014,1011.1,1013,25.6
2021-09-11,24,19.9,29.4,5.6,1.7,49,73.1,1014.3,1010.3,1012.5,25.8
2021-09-12,24.2,19.2,29.8,4.4,1.8,41,64.6,1015.3,1010.8,1013,26.4
2021-09-13,24.8,20.8,30.3,3.9,2.4,49,67.1,1017.7,1014.5,1016.2,26.9
2021-09-14,24.6,20,29.5,5.6,2.6,41,63.3,1016.9,1013.3,1015.2,27.8
2021-09-15,23.6,19.5,28.9,5.9,3.6,44,57.5,1017.2,1014.2,1016,27
2021-09-16,22.9,18,27.3,4.6,2.6,46,61.1,1016.3,1010.1,1012.6,26.6
2021-09-17,23.5,20.5,28.2,5.8,3,45,61.4,1011.9,1006.7,1009.5,27.6
2021-09-18,23.9,18.9,29.8,4,1.6,44,65.1,1016.2,1011.9,1014.2,29.4
2021-09-19,23.7,20.8,27.8,3,1.9,49,62.9,1017,1014,1015.4,26.8
2021-09-20,23.7,19,28.4,6.2,2.7,48,63.6,1015.1,1006.5,1010.5,29
2021-09-21,22,17.4,26.2,7.1,2.9,59,85.1,1006.9,1003.4,1004.9,23.9
2021-09-22,20.2,16.8,24.3,6.2,2.7,56,79,1012.8,1005.6,1008.4,22
2021-09-23,20.9,16.9,25.9,6.5,2.4,48,67.3,1019.5,1012.7,1016.6,22.7
2021-09-24,21.8,16.7,26.9,3.8,2.2,46,67.5,1024.1,1019.5,1022.3,23.1
2021-09-25,21.2,18.7,23.1,3.5,2.3,66,72.6,1025.3,1021.7,1023.1,21.1
2021-09-26,22.6,18.4,27.3,3.6,2.3,50,63,1022.7,1018.3,1020.3,23.9
2021-09-27,21.6,18.7,25,3.7,2.4,52,66,1019,1014,1015.7,21.6
2021-09-28,21.5,19.6,24.4,3.7,2.2,54,75.1,1014.8,1010.2,1012.5,22.5
2021-09-29,20.2,17.8,21.4,4.4,1.7,87,93.5,1010.2,1006.2,1007.8,21.1
2021-09-30,20.3,16,25.9,3.3,1.5,62,83.9,1010.5,1007.5,1009.1,22.2
2021-10-01,21.1,16.9,27.5,10.6,2.4,42,75.8,1012.7,1006.7,1008.6,22.9
2021-10-02,20.7,16.4,26.6,3.3,1.6,50,77.1,1016.7,1009.5,1013.5,23.2
2021-10-03,22.3,17.1,28.8,4.5,1.9,40,69.5,1020,1016.7,1018.3,22.9
2021-10-04,22.9,19.2,25.6,6.1,2.9,71,81,1020.4,1017.4,1019.1,21.7
2021-10-05,23.6,21.7,26.5,6.2,3.3,65,82.4,1020.8,1018.9,1020,23.2
2021-10-06,18.8,17.9,21.7,4.3,2.8,83,91.5,1022.1,1017.2,1019.5,20.2
2021-10-07,19.4,17.9,21.9,4,1.9,74,85.5,1018.5,1015.5,1016.7,20.6
2021-10-08,18.8,17.5,20,2.9,1.7,85,91.3,1023,1018,1020.9,19.8
2021-10-09,20.9,18.5,24.1,3.7,2.3,72,83.5,1023.8,1019.7,1021.8,20.5
2021-10-10,19.9,14.9,24.3,4.7,2.2,80,89,1020.7,1015.7,1017.9,20.6
2021-10-11,15.2,12.6,17.8,6,2.2,67,78.6,1022.9,1020.1,1021.6,18
2021-10-12,17.9,15.8,21.3,5.9,3.3,53,67.1,1026.5,1022.4,1024.9,18.2
2021-10-13,19.6,14.9,25.2,4.1,2.4,52,66.6,1026.3,1021.2,1023.6,19.3
2021-10-14,19.7,17.4,23.9,4.2,2,54,73.6,1021.9,1017.2,1019.2,20.9
2021-10-15,19,17,21.4,3.8,2.1,58,74.4,1019.7,1016.9,1018.2,20.1
2021-10-16,10.7,4.2,18.1,5.7,3.4,31,47.5,1028.7,1019.2,1023.4,13.8
2021-10-17,5.6,1.3,10.8,7.1,2.9,25,37.4,1031,1026,1028.4,10.5
2021-10-18,9.6,2.8,16.1,3.6,2,36,60.4,1027.4,1020.3,1023.4,11.7
2021-10-19,10.9,7.1,15,5.4,2.4,47,72.8,1022.4,1017.7,1019.7,13.9
2021-10-20,9.5,4.6,15.8,3.7,1.7,35,64.9,1023.6,1019.2,1021.5,12.7
2021-10-21,9.8,4.9,16.2,3.6,1.7,40,64.1,1021.8,1018.3,1020.1,12.2
2021-10-22,10.8,5.2,17.2,4.9,1.8,33,58.4,1026.1,1020.3,1022.6,12.5
2021-10-23,11.4,5.7,18.4,3.4,1.6,30,57.3,1029.6,1026,1028.1,12.5
2021-10-24,11.4,6,18.1,3.2,1.7,38,63.1,1029.1,1023.8,1026.3,12.4
2021-10-25,11.7,6.3,17.6,3.5,1.9,35,64.5,1025.4,1021.1,1023.1,12.7
2021-10-26,13,7.7,19,3,1.7,48,74.5,1022.7,1018.5,1020.2,12.9
2021-10-27,13.4,9.8,18.1,4,2.2,32,63.4,1021.7,1017.6,1019.5,13.9
2021-10-28,12.7,7.1,20,3.7,1.4,31,54.6,1025.3,1021.5,1023.4,12.7
2021-10-29,14.6,10.5,20.6,3.7,2,36,55.9,1027.2,1022.7,1024.8,13.9
2021-10-30,13.8,11,18,3.1,1.6,48,62.4,1024.9,1022.6,1023.8,12.9
2021-10-31,14.1,9.2,20.3,3.9,1.6,46,73.3,1025.4,1021.7,1023.7,14
2021-11-01,12.9,10.3,16.9,4,1.9,51,77.3,1024.8,1021.9,1023.4,13.4
2021-11-02,11.5,7.9,16.9,3.5,1.7,50,76.6,1023.9,1020.1,1022,12.4
2021-11-03,12.1,7.6,17.1,3.7,1.5,32,71.1,1021.5,1017.5,1019.5,12.3
2021-11-04,12.1,8.4,16.3,2.7,1.3,63,80.4,1022,1018.6,1019.9,11.5
2021-11-05,13,7.8,20.2,2.7,1.5,27,68.5,1023.2,1019.1,1021.1,12.3
2021-11-06,14.1,8.8,21.3,2.8,1.6,34,61.1,1022.6,1019.1,1020.8,12.7
2021-11-07,15.3,9.7,21.3,4.9,2.1,41,57.5,1023.9,1014.4,1019.6,13.1
2021-11-08,8.6,4.5,15.5,9.3,3.2,56,82.1,1014.4,1006.2,1011.8,10
2021-11-09,4.9,3,6.5,5.1,2.4,69,80.3,1014.1,1007.8,1010.4,6.8
2021-11-10,4.2,0.7,7.7,5.7,2.5,55,73.4,1010.1,1006.5,1008.5,7
2021-11-11,5.3,2.1,9.7,6.8,2.9,49,60.6,1013.8,1009.4,1011.5,6.5
2021-11-12,4.5,1.3,8.6,5.8,2.6,40,55.4,1019.2,1013.9,1017.3,6
2021-11-13,7.3,0.5,13.4,3.3,1.5,49,66.1,1020.5,1017,1018.6,6.5
2021-11-14,11.3,7.8,16.4,5.7,2.2,38,69.8,1019.4,1016.4,1017.7,9.8
2021-11-15,10.1,5.8,15.7,3.2,1.6,34,71.3,1023,1019.3,1021.6,9
2021-11-16,8.5,4.4,13.6,4.4,1.9,34,65.5,1025.6,1022.9,1024.4,8
2021-11-17,7.5,2.7,12.5,3.4,1.6,36,64.1,1026.4,1021.2,1023.8,6.7
2021-11-18,11.9,7.7,16.2,5.5,2.4,60,70.8,1021.2,1015.7,1017.8,10.5
2021-11-19,12.9,10.2,16.7,3.6,1.9,65,84.8,1019.7,1016,1017.6,11.4
2021-11-20,10.4,6.8,15.6,3,1.6,43,77,1022.4,1019.6,1020.8,9.7
2021-11-21,10.4,7.6,13.1,7.9,1.9,57,74.4,1020.9,1011.3,1016.3,9.7
2021-11-22,2.7,-0.6,7.5,7.3,4.1,45,61.8,1019.1,1012.7,1016.2,4.5
2021-11-23,-0.6,-3.7,2.3,5.5,3.2,49,60.9,1019.8,1017,1018.8,1.6
2021-11-24,4.1,-2.6,9.1,4.4,1.9,55,64.3,1019.9,1015.1,1017,2.3
2021-11-25,5.7,2.6,9.9,4.7,2.2,33,55,1023,1014.9,1018.8,5.1
2021-11-26,2.9,-0.5,7.2,4.3,2.2,34,57.5,1030.9,1023,1027.2,1.9
2021-11-27,3.4,-1.4,10.1,3.9,1.6,31,53,1036.2,1030.9,1034.4,2.8
2021-11-28,5.1,-1.3,12.4,2.8,1.5,28,52.4,1036.3,1031.3,1033.7,3
2021-11-29,7.6,2.5,13.7,2.9,1.6,47,62,1031.4,1021,1026.3,5.4
2021-11-30,5.7,0.7,8.9,8.4,3.7,60,80.4,1021.1,1005.1,1011.3,5.7
2021-12-01,-1.3,-3,1.5,7.2,4.2,38,51.8,1025.4,1015,1022.1,1.2
2021-12-02,1.3,-4.6,5,4.6,2.1,49,68.9,1025.3,1014,1018.9,0.4
2021-12-03,1.9,-1.8,4.6,5.8,2.9,29,53.3,1024,1013.2,1019.1,2.3
2021-12-04,1.4,-2.7,7,4.8,2,33,48.5,1029,1023.9,1026.1,1.5
2021-12-05,2.9,-2.3,9.6,2.9,1.4,30,50.4,1031.6,1027.8,1029.4,1.8
2021-12-06,5.4,-0.7,12.1,2.8,1.6,38,61.4,1028.5,1025.3,1027.2,2.5
2021-12-07,6.8,2.6,13.3,2.6,1.2,44,68.3,1031.5,1027.6,1029.5,3.6
2021-12-08,6.7,1.9,13.3,2.6,1.5,44,70,1034,1031.2,1032.2,3.7
2021-12-09,6.5,2.7,9.7,3.5,2.2,58,70.3,1032.1,1026.3,1029.3,3.8
2021-12-10,7,5.8,8.2,3.4,2.1,68,81.5,1027,1023.2,1025.2,5.2
2021-12-11,6,4.4,9.8,3.6,1.4,66,83.6,1028.4,1024.7,1026.1,5.4
2021-12-12,1.2,-3.8,5.1,6.6,3.2,34,61.8,1030,1023.5,1026.2,2.8
2021-12-13,-2.2,-5.9,1.9,4.1,2.3,28,43.8,1030.6,1026.2,1028.3,-0.2
2021-12-14,3.7,-0.7,8.2,3.6,2,47,64.9,1026.2,1019,1021.3,2.3
2021-12-15,7.2,5.4,10,3.9,1.7,66,84.8,1021.5,1018,1019.8,5.4
2021-12-16,6.4,3.3,9.8,4.6,1.8,36,71.6,1021.8,1016.1,1018.6,5.4
2021-12-17,-5.6,-10.1,3.2,8.1,4.6,32,50.5,1030.6,1017.8,1024.6,-0.9
2021-12-18,-5.7,-11.2,-1.8,3.6,2,33,64.1,1031.4,1019.6,1025.5,-2.6
2021-12-19,-0.8,-5.8,4.2,4.9,2,40,63.8,1024.9,1019.6,1022.1,-0.5
2021-12-20,5.2,-0.9,11.1,5.1,2.1,57,77.9,1020.3,1014.9,1016.9,1.4
2021-12-21,5.2,0.8,8.9,4.4,2,35,70.9,1021.5,1014.7,1017.5,2.9
2021-12-22,2.2,-2.6,8.2,3.3,1.7,30,47.4,1024.9,1021.5,1023.5,0.8
2021-12-23,2.7,-1.5,8.3,2.8,1.4,37,53.5,1026.8,1023.4,1024.7,1
2021-12-24,-0.3,-7.3,3.2,6.2,2.6,51,65.3,1027.1,1021.2,1023.4,0.3
2021-12-25,-11.7,-14.4,-7.3,7,3.9,31,42.4,1036.5,1027.1,1033,-4.4
2021-12-26,-12.1,-15.5,-7.3,4.8,3.1,31,43.5,1037.5,1032.5,1034.9,-5.8
2021-12-27,-7.6,-12.9,-3.9,3.1,1.7,38,60.9,1034.2,1029.3,1031.3,-4.7
2021-12-28,-4.1,-8.5,-0.9,3.1,2.2,57,73.8,1030.8,1024.6,1028,-3.3
2021-12-29,0.4,-3.8,5.9,5.9,2.6,50,72.9,1024.6,1016.3,1019.8,-0.7
2021-12-30,-3.9,-6.8,0.2,6.6,3.3,34,48.5,1028.5,1021.8,1025.5,-2.7
2021-12-31,-6.7,-8.8,-3.9,5.4,3.5,26,35.9,1033.6,1028.3,1031.8,-4.5
2022-01-01,-4.3,-10.2,2.3,2.8,1.5,31,46.3,1034,1027.3,1030.9,-3.7
2022-01-02,-1.3,-5.2,3,4.6,2.3,39,57.9,1028.4,1024.4,1026.7,-0.9
2022-01-03,-1.9,-8,2.5,4.1,1.8,35,58.3,1028.5,1024.2,1026.2,-2.3
2022-01-04,-2.5,-5.6,1,4.2,2.4,28,51.8,1029.8,1024.5,1028.3,-1.8
2022-01-05,-2.8,-7.8,1.9,2.9,1.7,34,47.6,1029.7,1025.9,1028,-2.8
2022-01-06,-2.2,-5.9,3.3,4.6,2.3,29,47.1,1030.8,1026.7,1029,-2.3
2022-01-07,-1.6,-5.9,4.5,3,1.5,21,47.1,1032,1028.2,1029.8,-2.3
2022-01-08,0.3,-5,3.7,3.5,1.7,49,64.3,1028.2,1021.5,1024.4,-2.1
2022-01-09,1.3,-1.2,5.6,2.8,1.7,46,71.5,1023.5,1021.1,1022.5,0.5
2022-01-10,0.5,-3.4,4.4,3.4,2,37,68.3,1023.5,1017,1020.5,-0.9
2022-01-11,-7.4,-10.3,0.3,7.2,4,39,55.5,1025.3,1017,1021.2,-2.3
2022-01-12,-7.7,-11.3,-3.4,4.2,2.4,34,47.8,1025,1021.4,1023.1,-4.1
2022-01-13,-6.4,-8.9,-3.1,7.6,3.3,32,45.8,1025.7,1019.4,1022.2,-3.6
2022-01-14,-4.8,-10.1,1.3,3.2,1.7,24,41.8,1028.1,1024,1025.9,-3.5
2022-01-15,-1,-5.3,1.8,3.1,1.9,41,48.3,1025.9,1021,1022.8,-1.9
2022-01-16,-2,-7.2,2.4,5.7,3.3,29,54.5,1028.6,1021.1,1025.2,-0.3
2022-01-17,-5.8,-9.2,0.1,4.1,2.2,38,59.9,1029.4,1024.9,1027.7,-4.2
2022-01-18,-5.6,-9.9,-0.7,4.3,2.3,27,47.9,1030.8,1026.9,1028.7,-2.8
2022-01-19,-5.3,-7.7,-2.7,4.7,2.1,50,72.3,1028.1,1022.4,1025,-3.4
2022-01-20,-5,-9.8,0.9,4.7,1.8,42,63.5,1031,1026.2,1029.3,-2.5
2022-01-21,-2.7,-8.7,4.6,3,1.8,29,55.6,1032.8,1028.4,1030.3,-1.9
2022-01-22,0.3,-5,7.1,3.4,1.7,32,52.4,1028.5,1024.4,1026.3,-0.3
2022-01-23,2,-0.6,6.7,3.1,1.7,43,52.4,1025,1019.9,1022.3,0.4
2022-01-24,4.6,1.3,8.4,5.5,3.5,44,56,1023.1,1020.5,1021.7,0.8
2022-01-25,2.8,1.9,4.5,4.9,2.3,51,80,1022.2,1019.2,1021,0.9
2022-01-26,1.3,-1.9,6.8,4.6,2.2,33,62.8,1025.8,1022.2,1024.5,1.3
2022-01-27,-1.1,-4.6,4,4.1,2.1,31,50,1026.5,1022.8,1025.1,0.3
2022-01-28,-2.7,-5.9,2.1,5.1,2.8,33,51.6,1027,1023.3,1025.1,-0.9
2022-01-29,-3.6,-7.2,0.9,5.1,2.4,28,48.9,1024.8,1020.3,1022.4,-1.5
2022-01-30,-2.8,-8,2.4,4.6,2.2,27,45.4,1024.5,1020.6,1022.4,-1.4
2022-01-31,-0.7,-6.8,4.8,4.3,1.9,39,59,1025.9,1021.8,1023.8,-0.7
2022-02-01,-1.3,-2.7,0.9,4.4,2.6,59,76.6,1028.8,1021.8,1025.2,-0.4
2022-02-02,-3.4,-6,0,5,2.4,36,60.5,1030.2,1027.2,1028.5,-0.6
2022-02-03,-3.4,-6.9,0.4,4.6,2.4,34,52.4,1029,1026,1027.3,-0.8
2022-02-04,-5.2,-8.2,-0.7,6.5,3.1,35,53.3,1027,1023.5,1025.3,-2.6
2022-02-05,-6.6,-9.7,-2,6.8,3.1,36,48.8,1028,1024.4,1026.5,-3.1
2022-02-06,-3.9,-8.4,1.7,5.4,2.5,31,50.3,1029.9,1026,1028,-1.5
2022-02-07,-2.5,-7.3,1.9,4.6,1.8,31,51.3,1030.2,1026.3,1028.5,-1.6
2022-02-08,-0.1,-4.1,5.6,3.7,1.9,26,53.8,1028.5,1025.9,1027.5,1.3
2022-02-09,1,-4.3,7.2,3.5,1.8,26,52.3,1029,1023,1025.6,0.9
2022-02-10,1.4,-3.2,6.7,4.9,2.3,33,57.8,1024.9,1021.9,1023.3,2.1
2022-02-11,2.9,-2.6,8.8,3.5,1.8,34,61.1,1028.2,1024.5,1026.3,3.3
2022-02-12,4.8,-0.1,10.4,3.8,1.7,22,50.4,1027.1,1022.6,1024.7,5.1
2022-02-13,4.8,1.6,9.5,3.5,1.8,32,44.9,1023.5,1020.1,1022,2.2
2022-02-14,2.5,-1.3,8.1,5.7,2.9,43,68.3,1022.1,1017.7,1020.2,1.4
2022-02-15,-4.7,-7.7,-1.3,5.7,3.8,44,58,1023.7,1020.5,1022.1,-1.5
2022-02-16,-7.3,-9.6,-4.1,6.8,3.7,32,50.4,1025.7,1022.2,1024.1,-2.3
2022-02-17,-6.2,-10.7,-0.5,4.9,2.5,28,41.6,1031.2,1025.6,1028.7,-0.1
2022-02-18,-1.2,-8,5.7,3.6,2,21,40.4,1033.2,1026.3,1029.8,1.6
2022-02-19,-1.7,-6.2,3.7,6.6,2.9,38,52.9,1026.7,1021.4,1024,0.1
2022-02-20,-4.8,-8.4,-0.5,6.3,4.1,24,41.1,1029.1,1024.2,1026.6,0.3
2022-02-21,-3,-8.1,3.6,7.1,2.9,41,56.3,1030.9,1024.7,1027.9,-0.1
2022-02-22,-4.5,-8,0.5,5.6,3.2,33,43.3,1033.9,1030.3,1032.1,0.5
2022-02-23,-5.6,-10,-0.6,5.5,2.6,24,38.5,1035.6,1030.7,1033.1,0.3
2022-02-24,-2.4,-8.5,3.7,5,2.2,31,52.4,1033.2,1028.3,1030.7,1.9
2022-02-25,3,-3.6,8.4,4.8,2.3,55,77.5,1029.2,1023.6,1026.4,3.6
2022-02-26,5.4,1,9.3,7.2,3.9,63,78.4,1023.7,1011.6,1017.5,3.7
2022-02-27,3.7,-1.6,9.1,7.4,2.8,33,56.6,1023.2,1017.3,1021.6,3.9
2022-02-28,6.8,2.7,11.5,3.3,1.5,36,62.3,1024.2,1016.4,1020.5,3.4
2022-03-01,5.8,0.3,9.7,5.4,2.3,46,70.5,1018.5,1012.5,1014.7,5.7
2022-03-02,3.5,-2.3,8.8,6.3,2.7,29,55.9,1019.5,1015.9,1017.7,4
2022-03-03,5.8,0.9,12.4,4.7,2.1,24,52.9,1019.4,1016.7,1017.7,5.5
2022-03-04,6.9,0.6,14.6,8.8,3.6,35,60.5,1017.6,1005.9,1011.4,3.7
2022-03-05,2.3,-0.7,6.7,7.5,4.3,22,38.4,1020,1009.7,1015.8,4.4
2022-03-06,1.4,-3,6.8,4.9,2.6,20,39.5,1023.8,1019.6,1021.8,5
2022-03-07,2.8,-2.7,8.7,3.9,2,24,45.8,1022.6,1018.8,1020.7,3.9
2022-03-08,6,1.1,12.3,4.1,2,44,56.1,1020.2,1017.3,1019.2,6.8
2022-03-09,7.1,1.7,14.8,4.2,1.9,34,69.6,1023.6,1019.7,1021.8,9
2022-03-10,9.3,4.2,15.8,5.1,2.1,17,51.4,1022.5,1018.8,1020.6,9.3
2022-03-11,11.2,5.1,18.4,3.3,1.9,44,58.4,1020.3,1015.6,1018.1,11.4
2022-03-12,12.8,6.3,19.5,5.2,2.7,49,72.1,1018.4,1010.8,1014.6,12.1
2022-03-13,11.7,10.7,12.6,4.8,1.9,90,95.5,1013.7,1009.2,1010.9,11.1
2022-03-14,8.2,4.9,13.2,6.2,3.2,82,90.3,1013.6,1008.9,1011.4,7.7
2022-03-15,7.2,2.3,13.3,3.9,2,46,72.6,1016.3,1011.4,1014.2,9.8
2022-03-16,10.3,3.6,16.8,4.3,2.1,38,62.6,1019.8,1013.9,1016.6,10.8
2022-03-17,10.7,7.8,15.1,5.9,2.7,45,62,1021,1016.7,1018.8,9.7
2022-03-18,7.5,5.5,9.6,7.1,4.4,52,60.8,1017.7,1008.4,1011.2,7.2
2022-03-19,3.4,0.9,6.1,4.9,3,62,84.6,1015.6,1005,1009.5,4.6
2022-03-20,5.4,2.2,9.3,5,2.6,41,66.1,1022.9,1015.6,1018.8,8.2
2022-03-21,5,-0.3,10.9,4.9,2.4,27,49.5,1026.3,1022.1,1024,6.2
2022-03-22,7.1,1.1,13.6,5.1,2.2,27,48.9,1024.5,1019,1022,9.5
2022-03-23,6.2,4.9,8.2,4,2.3,41,56.8,1020.5,1016.4,1018.1,7
2022-03-24,8.2,3.9,12.4,3.9,1.8,56,70.6,1021.7,1017.4,1019.6,8.5
2022-03-25,12,6.3,17.2,6.1,2.6,46,70,1022.2,1003.2,1014.8,10.3
2022-03-26,11.8,9.5,14.7,6,2.9,53,80.9,1011.7,994.9,1002.3,12
2022-03-27,8.1,5,12.6,7.3,3,23,49.1,1022.6,1011.5,1016,10.8
2022-03-28,8.2,1.5,15.1,4.7,2.1,15,35.6,1027.5,1022.5,1025.7,10.5
2022-03-29,9.7,3.3,15.6,4.8,2.1,37,52.9,1027.4,1022.1,1024.4,11.6
2022-03-30,10.8,5.9,15.7,3.6,1.8,50,76.5,1022.7,1017.2,1020.6,9.7
2022-03-31,10.9,7.6,14.7,4.7,2.5,43,63.5,1028,1020.5,1023.8,11.9
2022-04-01,9.2,4.5,14.9,5,2.6,26,50.5,1030.8,1026.5,1028.7,12.2
2022-04-02,8.2,3.7,14.2,5.4,2.3,28,55,1028.9,1025.2,1027.3,11.6
2022-04-03,9.6,3.5,17,5,2.1,24,55,1029.3,1025.6,1027.8,12.6
2022-04-04,10.3,5.1,16.4,4.8,2.3,24,50.3,1029.7,1025.9,1027.6,13.4
2022-04-05,10.3,4.9,15.8,5.5,2.4,23,41.1,1026.6,1019.4,1022.3,12.3
2022-04-06,11.7,8,17,4.4,2.5,19,52.3,1023.2,1018.9,1020.9,13.8
2022-04-07,10.9,7.4,15.7,7.1,3.3,21,43.5,1020.3,1015.5,1017.9,15.1
2022-04-08,12.9,5.1,20,5,2.1,27,49,1021.9,1015.8,1018.7,16.1
2022-04-09,17.8,12.4,24.2,6.7,3,34,43.8,1015.9,1012.5,1014.6,18.1
2022-04-10,18.2,12.7,25.1,4.9,2,22,46,1017.8,1013.9,1016.1,20.1
2022-04-11,19.6,13.4,26.6,4.6,2.4,34,60.4,1016.3,1009.2,1012.6,22.4
2022-04-12,19.3,15.9,26.4,6.4,2.8,50,77.9,1011.9,1007.2,1010.4,23.6
2022-04-13,13.1,12,15.9,8.4,4.4,47,69.3,1017.4,1010.8,1014.5,13
2022-04-14,13.2,11.4,15.3,6.6,4,45,53.4,1020.5,1016.5,1018.3,14.2
2022-04-15,13.3,7.5,19.3,5.7,3,28,46.8,1020.7,1013.5,1017.6,19
2022-04-16,13.2,7.1,20.2,5.5,2.5,18,48.5,1019.2,1015,1017.5,19.1
2022-04-17,14,7.2,21.9,5.2,2.3,24,53.8,1019.6,1016.3,1017.9,19.5
2022-04-18,15.2,11.4,21.6,5.5,2.4,21,46.1,1019.3,1015.7,1017.6,19.3
2022-04-19,15.2,8.9,22.1,5.2,2.4,28,51.9,1018.6,1015.4,1017.1,20.5
2022-04-20,15.7,9.7,22.1,4.7,2.3,23,48.8,1018,1013.2,1015.7,21.3
2022-04-21,16.3,9.6,22.7,5.9,2.8,21,48.4,1015.1,1009.2,1011.7,19.7
2022-04-22,15,13.2,16.8,6.6,3.5,58,76.8,1012.8,1008.8,1010.4,15.1
2022-04-23,17.7,10.4,25.3,3.5,1.7,21,57.3,1015,1008.7,1011.9,22.9
2022-04-24,18.5,15,24.5,5,2.3,48,72.5,1012.5,1008.7,1011.2,22.8
2022-04-25,20,17,23.6,3.2,1.4,61,80.5,1013.8,1005.9,1010.5,20.6
2022-04-26,21.9,17,28.7,6.7,3.1,36,57.9,1009.3,998.6,1003,26
2022-04-27,17.7,12.6,23.9,4.7,2.7,17,31.5,1017.3,1009.3,1014.4,24.1
2022-04-28,18.2,11.6,25.9,5.6,2.6,19,44,1018.8,1013.2,1015.6,24.4
2022-04-29,13.4,10.7,16.5,5.7,3.4,54,70.6,1020.3,1014.2,1016.5,15.1
2022-04-30,13,10.5,17.8,6.6,2.9,49,68,1020.5,1014.5,1017.4,14.6
2022-05-01,13.4,7.9,19.2,7.5,3.1,22,54.8,1016.6,1010.3,1012.8,19.1
2022-05-02,14.2,9.1,19.4,5.2,2.4,26,56.5,1016.7,1011.6,1013.4,20.3
2022-05-03,14.8,9.1,20.8,5.3,2.5,24,45.9,1019.8,1016.7,1018.7,21.5
2022-05-04,17.8,10,25.2,5.7,2.7,31,43.3,1019.8,1016.5,1018.6,23.3
2022-05-05,18.9,12.5,25.8,4.8,2.2,30,48.1,1020.5,1015.7,1018.4,26.5
2022-05-06,19.6,13.7,25.6,5.1,2.5,40,67.1,1017.8,1014.1,1016.1,25.6
2022-05-07,18.4,15.3,23.1,5.9,3,18,52.4,1018.7,1015.3,1016.7,23.2
2022-05-08,15.3,11.7,18.2,5.2,2.8,35,51.8,1020.9,1017.1,1018.9,16.2
2022-05-09,17.9,11,25.3,4.5,2.2,30,56.4,1020.1,1015.3,1017.9,23.6
2022-05-10,19.9,13.6,26.3,4.6,2.2,16,39,1018.5,1012.8,1015.7,26.7
2022-05-11,19.7,16.6,25.2,4.4,2.4,34.6,50,1015.8,1013,1014.6,28.2
2022-05-12,20.9,14.1,28.1,4.8,1.9,32,51.5,1014.7,1007.6,1010.6,28.5
2022-05-13,19.4,15,25.2,6.1,2.2,28,45.8,1009.3,1004.6,1007.4,24.2
2022-05-14,15.7,11.9,20,6.3,3.3,29,45.5,1015.6,1009.1,1011.9,22
2022-05-15,16.2,10.5,22.4,6.4,3.2,24,39.8,1016.1,1011.2,1013.7,24.7
2022-05-16,17.3,10.9,23.7,5.9,2.9,36.1,56,1013.7,1008.3,1011.1,25.5
2022-05-17,20,13,27.4,5.1,2.6,36.1,60,1014.7,1010.8,1012.5,27.5
2022-05-18,20,15.7,25.4,6,2.9,39,59.4,1018,1012.9,1015.4,19.6
2022-05-19,19.9,16.1,24.2,5.4,3,43,53.6,1016.7,1014.6,1016,24.5
2022-05-20,20.6,15.6,25.8,5.1,2.3,28,52.8,1016.3,1010.5,1013.1,26.6
2022-05-21,20.1,16.1,26,5.1,2.5,48,70.8,1011.9,1006.5,1009,27.1
2022-05-22,20.3,15.7,25.8,4.6,2.5,52,70.9,1009.3,1005.6,1007.5,27.6
2022-05-23,23,17.8,30.7,4.3,2.3,39,63.5,1014.6,1009.3,1011.5,30.2
2022-05-24,22.9,16.7,30.2,4.6,2.1,29,56.8,1016.2,1011.3,1013.5,30.8